{"stats":{"minecraft:used":{"minecraft:diorite":2,"minecraft:melon_slice":4,"minecraft:wooden_pickaxe":27,"simpletomb:grave_key":1,"minecraft:crafting_table":2,"minecraft:andesite":12},"minecraft:crafted":{"minecraft:crafting_table":1,"minecraft:stick":4,"minecraft:wooden_pickaxe":1,"minecraft:acacia_planks":12,"minecraft:wheat":18},"minecraft:dropped":{"minecraft:dirt":21,"minecraft:wheat_seeds":11,"slimier-slimes:blue_jelly":13,"minecraft:andesite":4,"minecraft:iron_pickaxe":1,"xreliquary:mob_charm_fragment":1,"paraglider:paraglider":1},"minecraft:mined":{"minecraft:hay_block":3,"minecraft:acacia_leaves":1,"minecraft:wheat":2,"minecraft:andesite":16,"minecraft:crafting_table":1,"minecraft:grass":2,"minecraft:acacia_log":5,"minecraft:grass_block":3,"minecraft:melon":4,"minecraft:vine":3,"minecraft:dirt":5,"minecraft:cobblestone":4,"minecraft:diorite":2},"minecraft:custom":{"minecraft:time_since_rest":3812,"minecraft:waystone_activated":1,"lootr:looted_stat":6,"minecraft:damage_taken":3880,"minecraft:walk_one_cm":166389,"minecraft:drop":14,"minecraft:damage_dealt":65,"minecraft:interact_with_crafting_table":7,"minecraft:fly_one_cm":13853,"minecraft:open_chest":3,"minecraft:crouch_one_cm":2625,"minecraft:play_one_minute":55259,"minecraft:deaths":5,"minecraft:sneak_time":2890,"minecraft:walk_under_water_one_cm":1821,"minecraft:jump":398,"minecraft:leave_game":3,"minecraft:walk_on_water_one_cm":8968,"minecraft:time_since_death":7846,"minecraft:sleep_in_bed":2,"minecraft:climb_one_cm":4429,"minecraft:fall_one_cm":7904},"minecraft:picked_up":{"paraglider:paraglider":2,"xreliquary:mob_charm_fragment":1,"minecraft:crafting_table":1,"minecraft:wheat":3,"minecraft:andesite":16,"minecraft:acacia_log":6,"minecraft:sand":4,"minecraft:diorite":2,"alexsmobs:gazelle_horn":1,"minecraft:dirt":21,"minecraft:rotten_flesh":4,"minecraft:wheat_seeds":11,"minecraft:hay_block":2,"minecraft:iron_pickaxe":1,"slimier-slimes:blue_jelly":13,"minecraft:melon_slice":28,"minecraft:cobblestone":4},"minecraft:killed_by":{"minecraft:player":2,"minecraft:creeper":1,"minecraft:zombie":2}},"DataVersion":2586}