{"stats":{"minecraft:broken":{"mowziesmobs:barakoa_mask_misery":1,"minecraft:stone_pickaxe":1,"minecraft:iron_pickaxe":1},"minecraft:killed":{"mowziesmobs:barakoan_barakoana":6,"minecraft:spider":3,"minecraft:phantom":2,"minecraft:skeleton":1,"betteranimalsplus:tarantula":1,"farlanders:classic_enderman":1,"alexsmobs:emu":1,"slimier-slimes:rock_slime":3,"minecraft:zombie":8,"mowziesmobs:barakoana":1,"alexsmobs:gazelle":1},"minecraft:used":{"alexsmobs:emu_egg":2,"wyrmroost:platinum_shovel":196,"minecraft:acacia_log":7,"farmersdelight:cabbage_seeds":7,"minecraft:chest":4,"minecraft:shield":49,"farmersdelight:cabbage":2,"minecraft:rotten_flesh":9,"simpletomb:grave_key":10,"minecraft:torch":59,"minecraft:dirt":130,"minecraft:hopper":1,"minecraft:iron_hoe":43,"minecraft:glass":6,"wyrmroost:platinum_axe":168,"minecraft:chipped_anvil":1,"minecraft:grass_block":1,"minecraft:melon_seeds":25,"ironfurnaces:iron_furnace":2,"minecraft:furnace":2,"wyrmroost:platinum_pickaxe":193,"farmersdelight:tomato_seeds":3,"minecraft:wheat_seeds":83,"minecraft:water_bucket":8,"minecraft:birch_planks":3,"minecraft:stone_pickaxe":164,"minecraft:oak_planks":7,"minecraft:wooden_pickaxe":50,"minecraft:composter":1,"randomloot:pickaxe":302,"minecraft:crafting_table":14,"minecraft:blast_furnace":5,"minecraft:birch_fence":1,"minecraft:oak_log":30,"minecraft:acacia_door":1,"minecraft:bread":2,"minecraft:melon_slice":63,"minecraft:iron_pickaxe":247,"minecraft:stone_axe":15,"minecraft:fishing_rod":2,"minecraft:cobblestone":50,"minecraft:andesite":12,"minecraft:bucket":51,"minecraft:dandelion":1,"minecraft:bone_meal":10},"minecraft:crafted":{"wyrmroost:platinum_shovel":1,"minecraft:oak_planks":140,"minecraft:smooth_stone":3,"minecraft:fishing_rod":1,"wyrmroost:platinum_ingot":152,"minecraft:blast_furnace":1,"minecraft:furnace":1,"ironfurnaces:iron_furnace":1,"wyrmroost:platinum_axe":1,"minecraft:stone":3,"minecraft:bone_meal":15,"gobber2:gobber2_glob":28,"minecraft:glass":0,"minecraft:hopper":1,"wyrmroost:platinum_leggings":1,"minecraft:iron_boots":1,"spartanshields:shield_tower_platinum":3,"minecraft:iron_hoe":1,"minecraft:stone_pickaxe":1,"minecraft:chest":3,"rhodonite:block_fluorite":5,"minecraft:redstone_block":7,"spartanshields:shield_tower_wood":3,"wyrmroost:platinum_helmet":5,"minecraft:coal_block":29,"minecraft:oak_slab":12,"minecraft:crafting_table":3,"minecraft:spruce_planks":8,"minecraft:wooden_pickaxe":1,"wyrmroost:platinum_pickaxe":1,"minecraft:gold_block":1,"farmersdelight:wheat_dough":129,"minecraft:white_stained_glass":8,"minecraft:bread":117,"minecraft:air":0,"wyrmroost:platinum_block":9,"minecraft:iron_chestplate":1,"minecraft:white_dye":1,"minecraft:shield":1,"wyrmroost:platinum_boots":3,"minecraft:stick":56,"minecraft:gold_ingot":19,"minecraft:iron_ingot":83,"minecraft:iron_pickaxe":1,"minecraft:acacia_door":3,"minecraft:iron_leggings":1,"minecraft:composter":1,"minecraft:acacia_planks":68,"minecraft:torch":132,"minecraft:shears":1,"wyrmroost:platinum_chestplate":1},"minecraft:dropped":{"minecraft:enchanted_book":1,"minecraft:bread":120,"minecraft:oak_slab":5,"minecraft:wheat_seeds":5,"slimier-slimes:white_jelly":1,"minecraft:cobblestone":1,"wyrmroost:platinum_boots":2,"spartanshields:shield_tower_platinum":2,"minecraft:granite":19,"minecraft:flint":1,"minecraft:diorite":55,"minecraft:melon_slice":41,"alexsmobs:emu_feather":3,"wyrmroost:platinum_helmet":4,"xreliquary:zombie_heart":1,"minecraft:wheat":9,"farlanders:ender_horn":1,"mowziesmobs:barakoa_mask_bliss":1,"minecraft:shears":1,"wyrmroost:platinum_axe":1,"minecraft:melon_seeds":1,"minecraft:acacia_sapling":4,"enigmaticlegacy:enigmatic_amulet":1},"minecraft:mined":{"minecraft:diamond_ore":10,"minecraft:attached_melon_stem":3,"minecraft:farmland":47,"minecraft:white_bed":1,"forbidden_arcanus:stella_arcanum":1,"minecraft:end_stone":2,"minecraft:granite":19,"biomesoplenty:bush":1,"minecraft:acacia_log":7,"minecraft:grass_block":34,"slimier-slimes:magenta_slimy_stone":8,"farmersdelight:tomatoes":3,"minecraft:hopper":1,"forbidden_arcanus:arcane_crystal_ore":12,"minecraft:redstone_ore":13,"gobber2:gobber2_ore":28,"minecraft:furnace":3,"minecraft:iron_ore":77,"minecraft:andesite":73,"minecraft:stripped_spruce_log":1,"wyrmroost:platinum_ore":145,"wyrmroost:blue_geode_ore":11,"minecraft:lantern":1,"minecraft:white_banner":1,"minecraft:stone":108,"minecraft:acacia_leaves":2,"minecraft:glass_pane":2,"minecraft:melon_stem":33,"ironfurnaces:iron_furnace":1,"minecraft:dandelion":2,"minecraft:torch":1,"minecraft:crafting_table":13,"minecraft:blast_furnace":4,"minecraft:melon":64,"minecraft:chest":2,"minecraft:campfire":3,"minecraft:glass":4,"forbidden_arcanus:runestone":1,"farmersdelight:cabbages":7,"minecraft:tall_grass":4,"minecraft:cobblestone":8,"minecraft:lapis_ore":1,"minecraft:oak_planks":2,"minecraft:diorite":51,"minecraft:wall_torch":4,"culturaldelights:wild_corn":1,"minecraft:birch_planks":3,"forbidden_arcanus:xpetrified_ore":2,"minecraft:wheat":172,"minecraft:spruce_log":1,"minecraft:grass_path":13,"rhodonite:block_ore_fluorite":38,"minecraft:grass":96,"slimier-slimes:white_slimy_stone":8,"minecraft:oak_log":35,"minecraft:coal_ore":268,"minecraft:gravel":11,"minecraft:sand":78,"minecraft:dirt":22,"minecraft:gold_ore":19,"minecraft:chipped_anvil":1,"minecraft:oak_leaves":1,"minecraft:birch_fence":1},"minecraft:custom":{"lootr:looted_stat":1,"minecraft:interact_with_anvil":1,"minecraft:mob_kills":29,"minecraft:interact_with_crafting_table":144,"minecraft:open_barrel":1,"goblintraders:trade_with_goblin":6,"minecraft:leave_game":7,"minecraft:time_since_death":83491,"minecraft:climb_one_cm":1163,"minecraft:damage_resisted":625,"minecraft:sprint_one_cm":247447,"minecraft:walk_one_cm":868504,"minecraft:damage_blocked_by_shield":1350,"minecraft:drop":69,"minecraft:talked_to_villager":2,"minecraft:deaths":18,"minecraft:sneak_time":1837,"minecraft:walk_under_water_one_cm":1197,"minecraft:jump":2217,"minecraft:interact_with_blast_furnace":56,"minecraft:walk_on_water_one_cm":9177,"minecraft:interact_with_furnace":54,"minecraft:play_one_minute":298827,"minecraft:sleep_in_bed":6,"minecraft:time_since_rest":1295,"minecraft:waystone_activated":2,"minecraft:damage_taken":12643,"minecraft:damage_dealt":4659,"minecraft:fly_one_cm":363145,"minecraft:open_chest":50,"minecraft:crouch_one_cm":2536,"minecraft:fish_caught":1,"minecraft:fall_one_cm":69858},"minecraft:picked_up":{"minecraft:crafting_table":13,"minecraft:charcoal":12,"minecraft:iron_chestplate":1,"minecraft:wheat":166,"wyrmroost:platinum_ore":152,"minecraft:enchanted_book":2,"minecraft:shield":1,"forbidden_arcanus:xpetrified_orb":2,"minecraft:string":31,"minecraft:birch_fence":1,"minecraft:iron_leggings":1,"farlanders:ender_horn":1,"alexsmobs:emu_feather":3,"farmersdelight:cabbage":5,"minecraft:bucket":1,"culturaldelights:corn_kernels":1,"minecraft:iron_pickaxe":2,"minecraft:melon_slice":357,"minecraft:chest":2,"slimier-slimes:white_jelly":8,"minecraft:furnace":3,"minecraft:phantom_membrane":2,"farmersdelight:cabbage_seeds":10,"minecraft:iron_boots":1,"minecraft:stick":1,"minecraft:end_stone":2,"xreliquary:zombie_heart":2,"minecraft:torch":7,"minecraft:acacia_log":17,"farmersdelight:tomato_seeds":3,"minecraft:diorite":62,"minecraft:redstone":66,"minecraft:arrow":15,"minecraft:rotten_flesh":15,"minecraft:shears":1,"alexsmobs:emu_egg":2,"mowziesmobs:barakoa_mask_misery":3,"minecraft:cod":1,"minecraft:cobblestone":158,"paraglider:paraglider":2,"forbidden_arcanus:stellarite_piece":1,"minecraft:feather":1,"minecraft:andesite":73,"mowziesmobs:barakoa_mask_fury":1,"minecraft:birch_planks":3,"minecraft:flint":1,"minecraft:oak_log":35,"gobber2:gobber2_ore":28,"minecraft:lapis_lazuli":8,"minecraft:map":1,"wyrmroost:platinum_pickaxe":1,"farmersdelight:tomato":5,"minecraft:dirt":130,"rhodonite:item_fluorite_crystal":48,"minecraft:lantern":1,"minecraft:birch_pressure_plate":1,"minecraft:bone":10,"minecraft:chipped_anvil":1,"wyrmroost:blue_geode":15,"minecraft:wheat_seeds":435,"minecraft:iron_ingot":24,"minecraft:iron_ore":77,"forbidden_arcanus:rune":1,"slimier-slimes:blue_jelly":3,"ironfurnaces:iron_furnace":1,"minecraft:acacia_sapling":4,"minecraft:oak_planks":19,"xreliquary:mob_charm_fragment":1,"wyrmroost:platinum_axe":4,"minecraft:sand":78,"slimier-slimes:lime_slime_ball":4,"minecraft:dandelion":1,"minecraft:gravel":20,"enigmaticlegacy:enigmatic_amulet":2,"slimier-slimes:magenta_jelly":11,"mowziesmobs:barakoa_mask_bliss":2,"minecraft:stripped_spruce_log":1,"minecraft:blast_furnace":5,"minecraft:grass_block":1,"minecraft:spruce_log":2,"minecraft:gold_ore":19,"minecraft:spider_eye":1,"forbidden_arcanus:arcane_crystal":14,"randomloot:basic_case":1,"forbidden_arcanus:ender_pearl_fragment":3,"minecraft:diamond":14,"minecraft:stone_axe":1,"xreliquary:chelicerae":1,"minecraft:granite":19,"minecraft:bone_meal":15,"minecraft:oak_sapling":3,"minecraft:melon_seeds":52,"minecraft:coal":418,"minecraft:hopper":1},"minecraft:killed_by":{"minecraft:player":5,"minecraft:enderman":3,"farlanders:fanmade_enderman":2,"minecraft:skeleton":1,"minecraft:phantom":1,"minecraft:zombie":3,"lava_monster:lava_monster":2,"mowziesmobs:barakoana":1}},"DataVersion":2586}