{"stats":{"minecraft:broken":{"minecraft:wooden_pickaxe":1,"minecraft:wooden_axe":1},"minecraft:mined":{"minecraft:dark_oak_planks":1,"minecraft:diamond_ore":10,"minecraft:nether_bricks":25,"minecraft:granite":41,"minecraft:acacia_log":26,"minecraft:grass_block":22,"gobber2:gobber2_lucky_block":4,"minecraft:jungle_log":23,"minecraft:coal_block":1,"slimier-slimes:orange_slimy_stone":4,"culturaldelights:wild_eggplants":1,"minecraft:sandstone":46,"minecraft:spawner":5,"minecraft:hay_block":22,"minecraft:redstone_ore":42,"minecraft:furnace":2,"minecraft:carrots":3,"minecraft:iron_ore":47,"minecraft:chiseled_sandstone":4,"minecraft:andesite":490,"wyrmroost:platinum_ore":10,"minecraft:nether_brick_stairs":1,"minecraft:potatoes":3,"minecraft:vine":5,"wyrmroost:blue_geode_ore":7,"minecraft:smooth_sandstone_stairs":8,"minecraft:stone":733,"minecraft:bone_block":31,"minecraft:orange_bed":10,"minecraft:cut_sandstone":33,"minecraft:glass_pane":2,"lootr:lootr_chest":1,"slimier-slimes:blue_slimy_stone":7,"minecraft:orange_terracotta":2,"minecraft:smooth_sandstone":42,"minecraft:crafting_table":4,"minecraft:torch":2,"minecraft:melon":11,"minecraft:tall_grass":12,"minecraft:cobblestone":6,"minecraft:oak_planks":1,"minecraft:diorite":13,"minecraft:smooth_sandstone_slab":7,"forbidden_arcanus:xpetrified_ore":1,"minecraft:wheat":1,"minecraft:grass":55,"minecraft:coal_ore":94,"minecraft:sand":33,"slimier-slimes:cyan_slimy_stone":4,"minecraft:terracotta":5,"minecraft:netherrack":3,"minecraft:gold_ore":12,"minecraft:oak_leaves":2,"minecraft:fern":1},"minecraft:dropped":{"forbidden_arcanus:arcane_gold_pressure_plate":1,"minecraft:repeating_command_block":1,"slimier-slimes:blue_jelly":13,"relics:scarab_talisman":1,"xreliquary:magazines/empty_magazine":4,"minecraft:granite":2,"xreliquary:bullets/empty_bullet":26,"minecraft:redstone_lamp":1,"wyrmroost:raw_lowtier_meat":2,"minecraft:smooth_sandstone_slab":5,"minecraft:iron_pickaxe":2,"paraglider:paraglider":7,"minecraft:gray_stained_glass":1,"minecraft:obsidian":1,"minecraft:rotten_flesh":2,"xreliquary:handgun":1,"minecraft:oak_planks":1,"xreliquary:magazines/neutral_magazine":60,"minecraft:andesite":128,"minecraft:stone_bricks":1,"minecraft:sandstone":14},"minecraft:used":{"alexsmobs:emu_egg":2,"camera:image_frame":1,"minecraft:acacia_log":21,"minecraft:chest":1,"gobber2:gobber2_gooey_bread":1,"minecraft:rotten_flesh":1,"simpletomb:grave_key":3,"minecraft:orange_bed":9,"minecraft:torch":30,"minecraft:dirt":16,"minecraft:carrot":14,"minecraft:obsidian":6,"minecraft:wooden_axe":19,"minecraft:jungle_log":23,"minecraft:stone_bricks":3,"ironfurnaces:iron_furnace":1,"minecraft:redstone_lamp":4,"prefab:item_swift_blade_stone":63,"minecraft:furnace":1,"minecraft:potato":18,"forbidden_arcanus:arcane_gold_pressure_plate":2,"minecraft:stone_pickaxe":2,"minecraft:ender_pearl":1,"minecraft:wooden_pickaxe":58,"supertools:hammeriron":204,"minecraft:sand":4,"minecraft:crafting_table":3,"minecraft:bread":6,"minecraft:melon_slice":33,"minecraft:iron_pickaxe":190,"minecraft:cobblestone":28,"minecraft:andesite":2,"minecraft:repeating_command_block":10,"minecraft:gray_stained_glass":1},"minecraft:custom":{"lootr:looted_stat":8,"minecraft:mob_kills":14,"minecraft:interact_with_crafting_table":10,"minecraft:open_barrel":37,"minecraft:leave_game":29,"minecraft:time_since_death":21996,"minecraft:climb_one_cm":61747,"minecraft:sprint_one_cm":817306,"minecraft:walk_one_cm":900551,"minecraft:drop":130,"minecraft:deaths":17,"minecraft:sneak_time":9918,"minecraft:walk_under_water_one_cm":7077,"minecraft:jump":3982,"minecraft:walk_on_water_one_cm":20525,"minecraft:interact_with_furnace":6,"minecraft:play_one_minute":1160547,"minecraft:sleep_in_bed":17,"minecraft:time_since_rest":628,"minecraft:waystone_activated":6,"minecraft:damage_taken":11110,"minecraft:damage_dealt":2010,"minecraft:swim_one_cm":3735,"minecraft:fly_one_cm":1010585,"minecraft:open_chest":13,"minecraft:crouch_one_cm":4928,"minecraft:fall_one_cm":119351},"minecraft:picked_up":{"minecraft:wheat":6,"minecraft:crafting_table":4,"wyrmroost:platinum_ore":9,"minecraft:enchanted_book":2,"forbidden_arcanus:xpetrified_orb":1,"minecraft:jungle_sapling":3,"minecraft:iron_pickaxe":2,"minecraft:chest":1,"minecraft:melon_slice":53,"minecraft:furnace":2,"minecraft:sandstone":14,"culturaldelights:white_eggplant_seeds":1,"minecraft:torch":6,"minecraft:acacia_log":26,"minecraft:porkchop":2,"minecraft:diorite":12,"minecraft:carrot":8,"minecraft:redstone":258,"minecraft:dark_oak_planks":1,"minecraft:smooth_sandstone_slab":5,"gobber2:gobber2_foo":1,"minecraft:orange_bed":9,"minecraft:rotten_flesh":3,"minecraft:arrow":2,"slimier-slimes:orange_jelly":6,"minecraft:hay_block":22,"alexsmobs:emu_egg":2,"minecraft:cobblestone":625,"forbidden_arcanus:spawner_scrap":5,"minecraft:bone_block":31,"paraglider:paraglider":7,"minecraft:feather":1,"minecraft:andesite":589,"minecraft:jungle_log":23,"minecraft:cut_sandstone":26,"minecraft:potato":10,"paraglider:spirit_orb":30,"minecraft:smooth_sandstone_stairs":7,"relics:scarab_talisman":1,"minecraft:gunpowder":1,"minecraft:dirt":21,"minecraft:smooth_sandstone":37,"minecraft:bone":3,"minecraft:acacia_planks":27,"gobber2:gobber2_gooey_beef":1,"minecraft:wheat_seeds":41,"wyrmroost:blue_geode":9,"minecraft:iron_ore":56,"gobber2:gobber2_gooey_beefstew_nether":1,"slimier-slimes:blue_jelly":40,"minecraft:oak_planks":1,"minecraft:acacia_sapling":4,"gobber2:gobber2_gooey_bread":1,"xreliquary:mob_charm_fragment":3,"minecraft:sand":30,"xreliquary:catalyzing_gland":1,"slimier-slimes:cyan_jelly":6,"minecraft:gold_ore":12,"wyrmroost:raw_lowtier_meat":2,"minecraft:diamond":12,"minecraft:granite":7,"minecraft:coal":150},"minecraft:killed":{"minecraft:husk":1,"wyrmroost:silver_glider":2,"minecraft:creeper":1,"slimier-slimes:rock_slime":5,"minecraft:zombie":5},"minecraft:killed_by":{"minecraft:player":7,"betteranimalsplus:boar":1,"wyrmroost:dragon_fruit_drake":1,"minecraft:skeleton":1,"minecraft:zombie":1,"lava_monster:lava_monster":3,"farlanders:looter":1},"minecraft:crafted":{"minecraft:furnace":1,"ironfurnaces:iron_furnace":1,"supertools:hammeriron":1,"minecraft:wheat":117,"minecraft:wooden_pickaxe":1,"minecraft:air":0,"minecraft:stick":28,"minecraft:iron_ingot":17,"minecraft:iron_pickaxe":9,"minecraft:wooden_axe":1,"minecraft:acacia_planks":100,"minecraft:torch":24}},"DataVersion":2586}