{"stats":{"minecraft:broken":{"minecraft:wooden_pickaxe":1},"minecraft:killed":{"betteranimalsplus:boar":1,"alexsmobs:emu":1,"minecraft:zombie":2},"minecraft:used":{"alexsmobs:emu_egg":1,"minecraft:wheat_seeds":19,"minecraft:stone_pickaxe":46,"minecraft:polished_andesite":1,"minecraft:oak_sign":3,"minecraft:wooden_pickaxe":59,"minecraft:rotten_flesh":1,"simpletomb:grave_key":47,"minecraft:dirt":78,"minecraft:yellow_terracotta":1,"minecraft:magenta_bed":1,"minecraft:white_bed":1,"minecraft:acacia_sapling":3,"minecraft:bread":1,"minecraft:melon_seeds":2,"minecraft:blue_carpet":1,"minecraft:wooden_sword":16,"minecraft:andesite":12,"alexsmobs:animal_dictionary":1},"minecraft:crafted":{"minecraft:wooden_sword":1,"minecraft:oak_planks":40,"minecraft:oak_sign":3,"minecraft:wooden_pickaxe":1,"minecraft:iron_sword":1,"minecraft:oak_wood":3,"minecraft:oak_boat":1,"minecraft:stick":20,"minecraft:iron_ingot":9,"minecraft:iron_pickaxe":2,"minecraft:stone_pickaxe":3,"minecraft:wooden_axe":1,"minecraft:iron_shovel":1,"minecraft:polished_andesite":4},"minecraft:dropped":{"minecraft:water_bucket":1,"minecraft:enchanted_book":1,"enigmaticlegacy:cursed_ring":1,"prefab:item_start_house":1,"enigmaticlegacy:enigmatic_amulet":1},"minecraft:mined":{"minecraft:glass_pane":3,"minecraft:melon_stem":1,"paraglider:rito_goddess_statue":1,"minecraft:torch":3,"minecraft:grass_block":21,"minecraft:melon":4,"minecraft:tall_grass":2,"minecraft:hay_block":1,"culturaldelights:wild_corn":2,"minecraft:iron_ore":9,"minecraft:wheat":16,"minecraft:andesite":65,"minecraft:birch_door":1,"minecraft:grass":144,"minecraft:oak_log":11,"minecraft:oak_sign":1,"minecraft:dirt":44,"minecraft:stone":10,"minecraft:oak_leaves":1,"minecraft:orange_bed":1,"minecraft:blue_carpet":1},"minecraft:custom":{"minecraft:interact_with_furnace":7,"lootr:looted_stat":1,"minecraft:mob_kills":3,"minecraft:interact_with_crafting_table":15,"minecraft:open_barrel":14,"minecraft:play_one_minute":190160,"minecraft:bell_ring":43,"minecraft:interact_with_grindstone":1,"minecraft:leave_game":4,"minecraft:time_since_death":246,"minecraft:sleep_in_bed":17,"minecraft:climb_one_cm":848,"minecraft:time_since_rest":74,"minecraft:sprint_one_cm":7177,"minecraft:damage_taken":6598,"minecraft:walk_one_cm":781826,"minecraft:drop":5,"minecraft:damage_dealt":937,"minecraft:fly_one_cm":26593,"minecraft:open_chest":4,"minecraft:deaths":11,"minecraft:sneak_time":278,"minecraft:walk_under_water_one_cm":794,"minecraft:jump":1273,"minecraft:walk_on_water_one_cm":5600,"minecraft:fall_one_cm":14722},"minecraft:picked_up":{"minecraft:birch_door":2,"minecraft:crafting_table":1,"minecraft:wheat":29,"minecraft:water_bucket":1,"minecraft:andesite":76,"minecraft:enchanted_book":2,"minecraft:oak_log":11,"minecraft:magenta_bed":1,"simpletomb:grave_key":1,"tomes:ancient_heart":1,"forbidden_arcanus:xpetrified_orb":2,"minecraft:dirt":112,"minecraft:lantern":1,"prefab:item_start_house":1,"minecraft:acacia_door":1,"minecraft:oak_sign":1,"minecraft:bone":4,"alexsmobs:emu_feather":4,"minecraft:wheat_seeds":156,"paraglider:rito_goddess_statue":1,"minecraft:iron_ore":9,"minecraft:stone_pickaxe":1,"wyrmroost:platinum_boots":1,"minecraft:melon_slice":26,"minecraft:oak_planks":128,"minecraft:acacia_sapling":3,"minecraft:stick":8,"minecraft:torch":3,"minecraft:porkchop":3,"enigmaticlegacy:enigmatic_amulet":3,"minecraft:white_bed":1,"minecraft:blue_carpet":1,"wyrmroost:platinum_helmet":4,"minecraft:arrow":1,"minecraft:rotten_flesh":3,"enigmaticlegacy:cursed_ring":2,"minecraft:stone_axe":1,"minecraft:hay_block":1,"minecraft:yellow_terracotta":1,"alexsmobs:emu_egg":5,"minecraft:bread":9,"minecraft:melon_seeds":6,"minecraft:cobblestone":11},"minecraft:killed_by":{"minecraft:player":5,"betteranimalsplus:boar":3,"minecraft:zombie":3}},"DataVersion":2586}