{"stats":{"minecraft:dropped":{"minecraft:dirt":1,"mca:engagement_ring":1},"minecraft:custom":{"minecraft:jump":109,"minecraft:time_since_rest":13617,"minecraft:damage_dealt":10,"minecraft:play_one_minute":13617,"minecraft:crouch_one_cm":12,"minecraft:leave_game":1,"minecraft:sprint_one_cm":1657,"minecraft:time_since_death":13617,"minecraft:walk_on_water_one_cm":307,"minecraft:walk_one_cm":26372,"minecraft:sneak_time":247,"minecraft:fall_one_cm":1022,"minecraft:drop":2,"minecraft:fly_one_cm":89562},"minecraft:picked_up":{"mca:engagement_ring":1,"minecraft:dirt":4,"minecraft:cobblestone":3}},"DataVersion":2586}