{"stats":{"minecraft:broken":{"minecraft:wooden_pickaxe":1,"minecraft:wooden_axe":1},"minecraft:used":{"minecraft:acacia_log":18,"minecraft:iron_sword":102,"minecraft:torch":41,"minecraft:dirt":4,"minecraft:wooden_axe":4,"farmersdelight:tomato":7,"minecraft:furnace":3,"minecraft:oak_sapling":5,"minecraft:acacia_fence":3,"minecraft:acacia_planks":19,"minecraft:cooked_mutton":3,"minecraft:stone_pickaxe":110,"minecraft:wooden_pickaxe":58,"minecraft:crafting_table":4,"minecraft:oak_log":59,"minecraft:apple":1,"minecraft:melon_slice":88,"minecraft:bread":37,"minecraft:stone_axe":20,"minecraft:cobblestone":25,"minecraft:andesite":19,"alexsmobs:animal_dictionary":2},"minecraft:killed":{"mowziesmobs:barakoan_barakoana":1,"minecraft:spider":9,"minecraft:skeleton":1,"mowziesmobs:barakoaya":1,"alexsmobs:emu":1,"minecraft:zombie":13,"alexsmobs:gazelle":2},"minecraft:crafted":{"minecraft:oak_planks":216,"minecraft:furnace":1,"minecraft:cooked_mutton":3,"minecraft:stone_pickaxe":1,"minecraft:acacia_fence":3,"minecraft:emerald":1,"minecraft:crafting_table":3,"minecraft:wooden_pickaxe":1,"minecraft:air":0,"minecraft:stick":8,"minecraft:iron_ingot":39,"minecraft:wooden_axe":1,"minecraft:acacia_planks":16,"minecraft:torch":24},"minecraft:dropped":{"minecraft:enchanted_book":1,"minecraft:water_bucket":1,"minecraft:iron_ingot":17,"minecraft:bread":3,"minecraft:iron_sword":1,"slimier-slimes:white_jelly":2,"minecraft:diamond":1,"minecraft:lead":1,"minecraft:cobblestone":1,"spartanshields:shield_tower_platinum":2,"minecraft:chainmail_helmet":1,"minecraft:stick":6,"minecraft:emerald":2,"minecraft:dirt":3,"mca:book_romance":2,"mowziesmobs:barakoa_mask_misery":1,"minecraft:melon_slice":7,"minecraft:potion":1,"prefab:item_start_house":3,"minecraft:phantom_membrane":3,"adventureapparatus:pick_on_a_stick":1,"minecraft:iron_pickaxe":1,"wyrmroost:platinum_helmet":2,"minecraft:chainmail_leggings":1,"minecraft:bone":6,"minecraft:furnace":2,"alexsmobs:gazelle_horn":1,"alexsmobs:animal_dictionary":2,"wyrmroost:platinum_ore":16,"tomes:ancient_heart":1,"minecraft:rotten_flesh":4,"mowziesmobs:barakoa_mask_bliss":1,"alexsmobs:emu_egg":4,"minecraft:shears":1,"enigmaticlegacy:cursed_ring":1,"minecraft:filled_map":1,"wyrmroost:platinum_axe":2,"minecraft:leather_chestplate":1,"minecraft:potato":1,"minecraft:andesite":48,"minecraft:melon_seeds":1,"minecraft:acacia_sapling":1,"minecraft:arrow":2,"enigmaticlegacy:enigmatic_amulet":1},"minecraft:mined":{"biomesoplenty:bush":1,"minecraft:acacia_log":22,"minecraft:grass_block":7,"farmersdelight:tomatoes":4,"forbidden_arcanus:arcane_crystal_ore":2,"minecraft:furnace":2,"minecraft:iron_ore":34,"minecraft:fire":9,"minecraft:andesite":62,"wyrmroost:platinum_ore":2,"minecraft:stone":5,"minecraft:melon_stem":1,"minecraft:crafting_table":2,"minecraft:melon":18,"farmersdelight:cabbages":2,"minecraft:cobblestone":2,"minecraft:tall_grass":5,"farmersdelight:wild_tomatoes":8,"minecraft:diorite":2,"culturaldelights:wild_corn":1,"forbidden_arcanus:xpetrified_ore":2,"minecraft:wheat":1,"minecraft:magenta_bed":1,"minecraft:grass":73,"minecraft:coal_ore":37,"minecraft:oak_log":64,"minecraft:dirt":5,"minecraft:cobweb":9,"minecraft:fern":2},"minecraft:custom":{"lootr:looted_stat":5,"minecraft:mob_kills":30,"minecraft:interact_with_crafting_table":12,"minecraft:open_barrel":4,"goblintraders:trade_with_goblin":14,"minecraft:leave_game":3,"minecraft:time_since_death":112792,"minecraft:climb_one_cm":39327,"minecraft:sprint_one_cm":244320,"minecraft:walk_one_cm":928303,"minecraft:drop":88,"minecraft:talked_to_villager":1,"minecraft:deaths":1,"minecraft:sneak_time":502,"minecraft:walk_under_water_one_cm":35576,"minecraft:jump":3254,"minecraft:walk_on_water_one_cm":93628,"minecraft:interact_with_furnace":19,"minecraft:play_one_minute":226461,"minecraft:sleep_in_bed":15,"minecraft:time_since_rest":93951,"minecraft:waystone_activated":1,"minecraft:damage_taken":4303,"minecraft:damage_dealt":5387,"minecraft:fly_one_cm":406994,"minecraft:open_chest":3,"minecraft:crouch_one_cm":519,"minecraft:fall_one_cm":118670},"minecraft:picked_up":{"minecraft:crafting_table":2,"minecraft:wheat":2,"minecraft:lead":12,"wyrmroost:platinum_ore":10,"minecraft:enchanted_book":1,"tomes:ancient_heart":1,"forbidden_arcanus:xpetrified_orb":4,"alexsmobs:gazelle_horn":2,"minecraft:string":9,"minecraft:dark_oak_trapdoor":1,"prefab:item_start_house":1,"alexsmobs:emu_feather":2,"farmersdelight:cabbage":4,"wyrmroost:platinum_boots":1,"minecraft:iron_pickaxe":1,"minecraft:melon_slice":89,"slimier-slimes:white_jelly":4,"farmersdelight:cabbage_seeds":14,"minecraft:phantom_membrane":2,"minecraft:furnace":2,"minecraft:golden_helmet":1,"minecraft:stick":24,"minecraft:torch":1,"minecraft:acacia_log":4,"farmersdelight:tomato_seeds":20,"minecraft:diorite":2,"minecraft:golden_chestplate":1,"wyrmroost:platinum_helmet":3,"minecraft:arrow":4,"minecraft:rotten_flesh":4,"slimier-slimes:orange_jelly":4,"minecraft:shears":1,"alexsmobs:emu_egg":8,"minecraft:mutton":3,"minecraft:cobblestone":31,"minecraft:andesite":123,"minecraft:potato":3,"minecraft:oak_log":54,"farmersdelight:tomato":8,"minecraft:dirt":10,"minecraft:bone":12,"minecraft:apple":1,"minecraft:wheat_seeds":44,"minecraft:stone_pickaxe":1,"minecraft:iron_ore":34,"minecraft:iron_sword":1,"minecraft:acacia_sapling":1,"wyrmroost:platinum_axe":2,"enigmaticlegacy:enigmatic_amulet":1,"mowziesmobs:barakoa_mask_bliss":2,"alexsmobs:animal_dictionary":1,"forbidden_arcanus:arcane_crystal":2,"enigmaticlegacy:cursed_ring":1,"minecraft:diamond":6,"minecraft:stone_axe":2,"minecraft:bread":127,"minecraft:oak_sapling":5,"minecraft:melon_seeds":12,"minecraft:coal":48,"spartanshields:shield_tower_platinum":1},"minecraft:killed_by":{"minecraft:zombie":1}},"DataVersion":2586}