{"stats":{"minecraft:broken":{"minecraft:stone_pickaxe":1,"minecraft:iron_pickaxe":2},"minecraft:killed":{"mowziesmobs:barakoan_barakoana":1,"minecraft:skeleton":2,"minecraft:silverfish":6,"alexsmobs:emu":1,"minecraft:pillager":2,"slimier-slimes:rock_slime":7,"minecraft:zombie":5,"mowziesmobs:barakoana":1},"minecraft:used":{"alexsmobs:emu_egg":1,"minecraft:oak_sign":2,"simpletomb:grave_key":1,"minecraft:torch":41,"minecraft:brewing_stand":1,"minecraft:dirt":2,"minecraft:chipped_anvil":1,"wyrmroost:blue_geode_pickaxe":168,"paraglider:rito_goddess_statue":2,"carryon:tile_item":2,"simpleplanes:plane":1,"prefab:item_swift_blade_stone":15,"minecraft:furnace":8,"minecraft:oak_sapling":3,"minecraft:acacia_fence":1,"minecraft:cooked_beef":2,"biomesoplenty:violet":2,"randomloot:axe":10,"minecraft:wheat_seeds":1,"minecraft:diorite":75,"minecraft:stone_pickaxe":131,"minecraft:crafting_table":2,"minecraft:oak_log":14,"waystones:waystone":2,"minecraft:melon_slice":58,"minecraft:iron_pickaxe":500,"minecraft:map":1,"spartanshields:shield_tower_platinum":8,"minecraft:stone_axe":5,"simpleplanes:plane_workbench":1,"simpleplanes:large_plane":2,"wyrmroost:blue_geode_sword":89,"minecraft:andesite":7,"minecraft:yellow_bed":1,"alexsmobs:animal_dictionary":1},"minecraft:crafted":{"minecraft:oak_planks":40,"simpleplanes:plane_workbench":1,"wyrmroost:blue_geode_sword":1,"minecraft:furnace":8,"minecraft:diamond_helmet":1,"minecraft:diamond_leggings":1,"simpleplanes:large_plane":1,"minecraft:iron_axe":1,"minecraft:diamond_boots":1,"simpleplanes:propeller":2,"simpleplanes:plane":1,"wyrmroost:blue_geode_pickaxe":1,"minecraft:crafting_table":1,"minecraft:air":0,"minecraft:shield":2,"minecraft:stick":28,"minecraft:iron_ingot":31,"minecraft:iron_pickaxe":3,"minecraft:torch":48,"minecraft:diamond_chestplate":1},"minecraft:dropped":{"minecraft:iron_ingot":3,"minecraft:wheat_seeds":4,"minecraft:cooked_beef":1,"minecraft:diamond":3,"minecraft:lantern":1,"minecraft:granite":64,"minecraft:chainmail_helmet":1,"minecraft:stick":1,"minecraft:iron_block":1,"prefab:item_swift_blade_stone":2,"mca:book_romance":1,"minecraft:melon_slice":4,"minecraft:map":1,"alexsmobs:emu_feather":1,"minecraft:chainmail_leggings":1,"paraglider:paraglider":2,"minecraft:bone":4,"minecraft:stone_axe":5,"minecraft:wheat":6,"minecraft:filled_map":1,"minecraft:shield":1,"minecraft:andesite":1,"minecraft:melon_seeds":20,"minecraft:iron_ore":39,"minecraft:acacia_fence":1,"mca:book_rose_gold":1},"minecraft:mined":{"minecraft:diamond_ore":37,"paraglider:rito_goddess_statue":1,"minecraft:brewing_stand":1,"minecraft:obsidian":2,"minecraft:granite":132,"minecraft:grass_block":2,"slimier-slimes:light_gray_slimy_stone":1,"forbidden_arcanus:arcane_gilded_darkstone":1,"minecraft:composter":1,"minecraft:spawner":3,"forbidden_arcanus:arcane_crystal_ore":7,"minecraft:redstone_ore":6,"minecraft:iron_ore":55,"minecraft:andesite":35,"wyrmroost:platinum_ore":2,"minecraft:gold_block":3,"minecraft:bookshelf":2,"minecraft:vine":1,"minecraft:oak_sign":2,"minecraft:iron_bars":4,"wyrmroost:blue_geode_ore":15,"slimier-slimes:pink_slimy_stone":5,"minecraft:stone":171,"minecraft:iron_block":2,"minecraft:melon_stem":1,"forbidden_arcanus:dark_runestone":1,"minecraft:crafting_table":2,"minecraft:emerald_ore":1,"minecraft:melon":3,"minecraft:chest":1,"minecraft:tall_grass":3,"minecraft:diorite":203,"slimier-slimes:stone_lava_slime_spawner_block":1,"forbidden_arcanus:darkstone":5,"minecraft:wheat":6,"minecraft:grass_path":2,"minecraft:yellow_bed":1,"minecraft:red_wall_banner":1,"minecraft:grass":17,"minecraft:oak_log":17,"minecraft:coal_ore":64,"slimier-slimes:red_slimy_stone":5,"minecraft:acacia_fence":1,"minecraft:dirt":18,"minecraft:cobweb":1,"minecraft:chipped_anvil":1,"minecraft:gold_ore":13,"minecraft:oak_leaves":1,"minecraft:infested_stone":2},"minecraft:custom":{"lootr:looted_stat":13,"minecraft:mob_kills":26,"minecraft:interact_with_anvil":1,"minecraft:interact_with_crafting_table":23,"minecraft:open_barrel":3,"minecraft:bell_ring":4,"minecraft:leave_game":1,"minecraft:time_since_death":72739,"minecraft:climb_one_cm":58835,"minecraft:sprint_one_cm":294994,"minecraft:walk_one_cm":441708,"minecraft:damage_blocked_by_shield":200,"minecraft:drop":59,"minecraft:talked_to_villager":1,"minecraft:deaths":1,"minecraft:sneak_time":7041,"minecraft:walk_under_water_one_cm":114,"minecraft:jump":1819,"minecraft:interact_with_blast_furnace":1,"minecraft:walk_on_water_one_cm":8194,"minecraft:interact_with_furnace":29,"minecraft:play_one_minute":152127,"minecraft:sleep_in_bed":4,"minecraft:time_since_rest":10924,"minecraft:waystone_activated":4,"minecraft:damage_taken":1341,"minecraft:damage_dealt":2852,"minecraft:player_kills":1,"minecraft:fly_one_cm":331014,"minecraft:open_chest":20,"minecraft:crouch_one_cm":17466,"minecraft:fall_one_cm":55385},"minecraft:picked_up":{"minecraft:wheat":10,"minecraft:crafting_table":2,"forbidden_arcanus:arcane_gilded_darkstone":1,"wyrmroost:platinum_ore":2,"minecraft:gold_block":3,"biomesoplenty:violet":2,"minecraft:enchanted_book":5,"minecraft:brewing_stand":1,"forbidden_arcanus:dark_rune":1,"minecraft:string":1,"farlanders:ender_horn":1,"minecraft:oak_sign":2,"paraglider:rito_goddess_statue":2,"alexsmobs:emu_feather":1,"minecraft:melon_slice":57,"minecraft:chest":1,"minecraft:stick":2,"wyrmroost:blue_geode_pickaxe":1,"minecraft:acacia_fence":2,"minecraft:composter":1,"minecraft:torch":36,"slimier-slimes:light_gray_jelly":2,"slimier-slimes:pink_jelly":10,"minecraft:diorite":322,"minecraft:redstone":27,"minecraft:arrow":1,"minecraft:rotten_flesh":1,"prefab:item_swift_blade_stone":2,"minecraft:iron_block":2,"alexsmobs:emu_egg":1,"minecraft:obsidian":2,"minecraft:iron_bars":4,"forbidden_arcanus:spawner_scrap":3,"minecraft:cobblestone":183,"paraglider:paraglider":2,"minecraft:andesite":27,"mowziesmobs:barakoa_mask_fury":1,"paraglider:spirit_orb":12,"minecraft:flint":1,"minecraft:oak_log":17,"minecraft:yellow_bed":1,"minecraft:dirt":21,"minecraft:lantern":2,"minecraft:bone":4,"minecraft:chipped_anvil":1,"minecraft:wheat_seeds":23,"wyrmroost:blue_geode":15,"slimier-slimes:red_jelly":7,"minecraft:iron_ore":133,"forbidden_arcanus:darkstone":5,"minecraft:book":6,"minecraft:red_banner":1,"minecraft:gold_ore":13,"forbidden_arcanus:arcane_crystal":7,"minecraft:diamond":38,"minecraft:stone_axe":5,"waystones:waystone":2,"tomes:beating_heart":1,"minecraft:granite":131,"simpleplanes:large_plane":2,"randomloot:titan_case":1,"minecraft:emerald":4,"minecraft:oak_sapling":3,"minecraft:melon_seeds":12,"spartanshields:shield_tower_platinum":2,"minecraft:coal":64},"minecraft:killed_by":{"minecraft:player":1}},"DataVersion":2586}