{"stats":{"minecraft:broken":{"mowziesmobs:barakoa_mask_misery":1},"minecraft:killed":{"mowziesmobs:barako":1,"mowziesmobs:barakoa_sunblocker":4,"minecraft:phantom":2,"mowziesmobs:barakoaya":28,"minecraft:pillager":1,"slimier-slimes:rock_slime":3,"minecraft:zombie":4,"minecraft:enderman":1},"minecraft:used":{"minecraft:oak_fence":9,"minecraft:chest":1,"minecraft:shield":57,"minecraft:rotten_flesh":12,"simpletomb:grave_key":1,"minecraft:torch":23,"minecraft:dirt":81,"minecraft:carrot":2,"minecraft:acacia_sapling":10,"minecraft:grass_block":1,"prefab:item_swift_blade_stone":67,"minecraft:furnace":1,"minecraft:cooked_beef":1,"minecraft:potato":1,"minecraft:acacia_planks":3,"minecraft:wheat_seeds":18,"minecraft:water_bucket":11,"minecraft:diorite":1,"minecraft:stone_pickaxe":9,"minecraft:wooden_pickaxe":3,"minecraft:crafting_table":1,"minecraft:red_bed":1,"minecraft:oak_log":4,"minecraft:melon_slice":6,"minecraft:bread":37,"minecraft:iron_pickaxe":67,"minecraft:map":1,"minecraft:stone_axe":14,"minecraft:diamond_sword":94,"minecraft:cobblestone":11,"minecraft:white_banner":3,"minecraft:cooked_porkchop":2,"minecraft:bucket":16},"minecraft:crafted":{"minecraft:oak_planks":16,"minecraft:iron_boots":1,"minecraft:oak_fence":12,"minecraft:diamond_sword":1,"minecraft:emerald":1,"minecraft:diamond_axe":1,"minecraft:crafting_table":1,"minecraft:wooden_pickaxe":1,"minecraft:bucket":1,"minecraft:stone_axe":1,"farmersdelight:wheat_dough":12,"minecraft:bread":12,"minecraft:air":0,"minecraft:iron_chestplate":1,"minecraft:diamond_pickaxe":1,"minecraft:shield":1,"minecraft:stick":44,"minecraft:iron_ingot":34,"minecraft:iron_pickaxe":1,"minecraft:iron_leggings":1,"minecraft:acacia_planks":40,"minecraft:torch":8},"minecraft:dropped":{"slimier-slimes:blue_jelly":1,"minecraft:diamond":7,"minecraft:lead":1,"mca:book_romance":1,"mowziesmobs:barakoa_mask_misery":2,"minecraft:dandelion":1,"alexsmobs:acacia_blossom":1,"alexsmobs:animal_dictionary":1,"mowziesmobs:barakoa_mask_bliss":1,"minecraft:poppy":1,"minecraft:potato":3,"minecraft:melon_seeds":2,"mca:book_rose_gold":1},"minecraft:mined":{"minecraft:diamond_ore":13,"slimier-slimes:green_slimy_stone":8,"biomesoplenty:bush":1,"minecraft:acacia_log":8,"minecraft:grass_block":2,"slimier-slimes:magenta_slimy_stone":2,"slimier-slimes:orange_slimy_stone":3,"forbidden_arcanus:arcane_crystal_ore":1,"minecraft:redstone_ore":2,"minecraft:iron_ore":23,"minecraft:andesite":12,"minecraft:stone":3,"minecraft:red_bed":1,"minecraft:fire_coral":1,"minecraft:oak_fence":9,"minecraft:torch":6,"minecraft:poppy":1,"minecraft:melon":1,"minecraft:chest":1,"minecraft:diorite":7,"minecraft:wall_torch":3,"minecraft:wheat":8,"minecraft:brown_wall_banner":1,"minecraft:grass":13,"minecraft:coal_ore":1,"minecraft:oak_log":4,"minecraft:acacia_fence":1,"minecraft:dirt":51},"minecraft:custom":{"lootr:looted_stat":4,"minecraft:mob_kills":49,"minecraft:interact_with_crafting_table":30,"goblintraders:trade_with_goblin":14,"minecraft:leave_game":5,"minecraft:time_since_death":6024,"minecraft:climb_one_cm":64220,"minecraft:damage_resisted":1643,"minecraft:sprint_one_cm":236910,"minecraft:walk_one_cm":395177,"minecraft:damage_blocked_by_shield":985,"minecraft:drop":23,"minecraft:talked_to_villager":12,"minecraft:deaths":22,"minecraft:sneak_time":3581,"minecraft:walk_under_water_one_cm":68974,"minecraft:jump":1728,"minecraft:walk_on_water_one_cm":146355,"minecraft:interact_with_furnace":17,"minecraft:play_one_minute":189258,"minecraft:sleep_in_bed":9,"minecraft:time_since_rest":6047,"minecraft:damage_taken":19869,"minecraft:damage_dealt":5416,"minecraft:swim_one_cm":39718,"minecraft:fly_one_cm":327936,"minecraft:open_chest":66,"minecraft:crouch_one_cm":10906,"minecraft:fall_one_cm":73479},"minecraft:picked_up":{"minecraft:wheat":16,"minecraft:lead":3,"minecraft:diamond_sword":1,"minecraft:enchanted_book":2,"minecraft:red_bed":1,"minecraft:ender_eye":1,"minecraft:melon_slice":6,"minecraft:chest":1,"minecraft:phantom_membrane":1,"minecraft:furnace":2,"minecraft:acacia_fence":1,"xreliquary:zombie_heart":1,"minecraft:oak_fence":9,"minecraft:torch":11,"minecraft:acacia_log":17,"minecraft:diorite":6,"minecraft:redstone":10,"minecraft:arrow":1,"minecraft:rotten_flesh":12,"slimier-slimes:orange_jelly":2,"mowziesmobs:barakoa_mask_fear":3,"mowziesmobs:barakoa_mask_misery":2,"minecraft:cobblestone":18,"minecraft:cooked_beef":1,"minecraft:andesite":10,"alexsmobs:acacia_blossom":1,"mowziesmobs:barakoa_mask_fury":1,"minecraft:potato":1,"minecraft:filled_map":1,"minecraft:oak_log":4,"minecraft:dirt":57,"minecraft:white_banner":3,"mowziesmobs:barako_mask":1,"mowziesmobs:barakoa_mask_rage":4,"minecraft:bone":2,"minecraft:wheat_seeds":52,"minecraft:iron_ore":23,"slimier-slimes:blue_jelly":5,"minecraft:acacia_sapling":10,"minecraft:dandelion":1,"slimier-slimes:magenta_jelly":3,"mowziesmobs:barakoa_mask_bliss":3,"minecraft:grass_block":1,"forbidden_arcanus:arcane_crystal":1,"slimier-slimes:green_jelly":12,"forbidden_arcanus:ender_pearl_fragment":2,"minecraft:diamond":19,"minecraft:stone_axe":1,"minecraft:bread":1,"minecraft:melon_seeds":2,"minecraft:coal":1},"minecraft:killed_by":{"mowziesmobs:barakoaya":4,"minecraft:player":7,"minecraft:enderman":4,"mowziesmobs:barako":3,"farlanders:ender_golem":1,"minecraft:skeleton":1,"minecraft:phantom":1,"mowziesmobs:barakoana":1}},"DataVersion":2586}