{"stats":{"minecraft:custom":{"minecraft:jump":63,"minecraft:time_since_rest":4664,"minecraft:play_one_minute":4664,"minecraft:sprint_one_cm":7098,"minecraft:time_since_death":4664,"minecraft:walk_one_cm":7657,"minecraft:interact_with_crafting_table":2,"minecraft:fall_one_cm":1428,"minecraft:fly_one_cm":8567},"minecraft:crafted":{"minecraft:crafting_table":1,"minecraft:oak_planks":20,"minecraft:stick":12,"minecraft:wooden_pickaxe":1},"minecraft:mined":{"minecraft:stone":4,"minecraft:grass_block":3,"minecraft:oak_log":5,"minecraft:dirt":3},"minecraft:used":{"minecraft:wooden_pickaxe":7,"minecraft:dirt":2,"minecraft:crafting_table":1},"minecraft:picked_up":{"minecraft:oak_log":5,"minecraft:dirt":2,"minecraft:cobblestone":1}},"DataVersion":2586}