{"stats":{"minecraft:dropped":{"mca:engagement_ring":1},"minecraft:custom":{"minecraft:open_chest":2,"minecraft:time_since_rest":14160,"minecraft:crouch_one_cm":476,"minecraft:play_one_minute":14160,"minecraft:sprint_one_cm":21666,"minecraft:damage_taken":10,"minecraft:walk_one_cm":23083,"minecraft:sneak_time":112,"minecraft:drop":1,"minecraft:jump":171,"minecraft:leave_game":1,"minecraft:time_since_death":14160,"minecraft:talked_to_villager":1,"minecraft:interact_with_crafting_table":3,"minecraft:fall_one_cm":2308,"minecraft:fly_one_cm":119711},"minecraft:mined":{"minecraft:grass_block":4,"minecraft:oak_log":5,"minecraft:dirt":3,"minecraft:stone":4},"minecraft:used":{"minecraft:dirt":2,"minecraft:crafting_table":1,"minecraft:wooden_pickaxe":7},"minecraft:picked_up":{"mca:engagement_ring":2,"minecraft:oak_log":5,"minecraft:dirt":2,"minecraft:cobblestone":1},"minecraft:crafted":{"minecraft:oak_planks":20,"mca:engagement_ring":1,"minecraft:crafting_table":1,"minecraft:stick":12,"minecraft:wooden_pickaxe":1}},"DataVersion":2586}