{"stats":{"minecraft:broken":{"minecraft:wooden_shovel":1,"minecraft:leather_chestplate":1,"minecraft:stone_pickaxe":1,"minecraft:iron_pickaxe":1},"minecraft:custom":{"lootr:looted_stat":12,"minecraft:mob_kills":41,"minecraft:interact_with_crafting_table":29,"minecraft:leave_game":3,"minecraft:time_since_death":1618,"minecraft:climb_one_cm":8722,"minecraft:damage_resisted":92,"minecraft:sprint_one_cm":409241,"minecraft:walk_one_cm":652473,"minecraft:damage_blocked_by_shield":120,"minecraft:drop":90,"minecraft:talked_to_villager":4,"minecraft:sneak_time":13182,"minecraft:deaths":11,"minecraft:walk_under_water_one_cm":11015,"minecraft:jump":3146,"minecraft:walk_on_water_one_cm":36427,"minecraft:interact_with_furnace":13,"minecraft:play_one_minute":279076,"minecraft:sleep_in_bed":12,"minecraft:time_since_rest":1649,"minecraft:waystone_activated":4,"minecraft:damage_taken":10723,"minecraft:damage_dealt":7885,"minecraft:swim_one_cm":13755,"minecraft:fly_one_cm":604235,"minecraft:open_chest":20,"minecraft:crouch_one_cm":23483,"minecraft:fall_one_cm":114089},"minecraft:crafted":{"minecraft:furnace":3,"supertools:hammeriron":1,"minecraft:iron_axe":1,"minecraft:stone_pickaxe":1,"minecraft:wooden_shovel":2,"minecraft:cooked_porkchop":2,"minecraft:crafting_table":3,"minecraft:wooden_pickaxe":1,"minecraft:iron_sword":1,"minecraft:stone_axe":1,"minecraft:air":0,"minecraft:iron_chestplate":1,"minecraft:stick":84,"minecraft:iron_ingot":49,"minecraft:iron_pickaxe":12,"minecraft:iron_shovel":1,"minecraft:acacia_planks":52,"minecraft:torch":108},"minecraft:mined":{"minecraft:diamond_ore":3,"minecraft:white_bed":1,"minecraft:farmland":1,"minecraft:granite":476,"biomesoplenty:bush":2,"minecraft:acacia_log":34,"minecraft:grass_block":44,"forbidden_arcanus:arcane_crystal_ore":3,"minecraft:redstone_ore":18,"minecraft:furnace":1,"minecraft:iron_ore":57,"minecraft:andesite":71,"wyrmroost:platinum_ore":27,"minecraft:oak_sign":2,"minecraft:vine":2,"minecraft:iron_bars":2,"minecraft:stone":146,"minecraft:orange_bed":7,"minecraft:smoker":1,"minecraft:crafting_table":6,"minecraft:torch":2,"minecraft:blast_furnace":1,"minecraft:chest":1,"minecraft:tall_grass":1,"minecraft:cobblestone":17,"minecraft:lapis_ore":6,"minecraft:oak_planks":4,"minecraft:diorite":94,"minecraft:red_terracotta":1,"minecraft:wheat":1,"minecraft:grass_path":17,"minecraft:grass":19,"minecraft:coal_ore":74,"minecraft:dirt":42,"minecraft:gold_ore":4},"minecraft:dropped":{"farmersdelight:tomato_seeds":8,"minecraft:enchanted_book":2,"minecraft:iron_ingot":4,"minecraft:bread":6,"minecraft:wheat_seeds":39,"slimier-slimes:blue_jelly":2,"slimier-slimes:white_jelly":2,"minecraft:glass_bottle":1,"relics:scarab_talisman":1,"minecraft:cobblestone":112,"minecraft:lead":1,"forbidden_arcanus:xpetrified_orb":2,"minecraft:coal":1,"minecraft:stick":9,"minecraft:dirt":21,"minecraft:diorite":1,"minecraft:melon_slice":9,"alexsmobs:emu_feather":4,"minecraft:iron_pickaxe":1,"wyrmroost:platinum_helmet":1,"paraglider:paraglider":2,"minecraft:bone":6,"minecraft:stone_axe":2,"alexsmobs:acacia_blossom":1,"alexsmobs:gazelle_horn":3,"minecraft:wheat":1,"farmersdelight:cabbage":2,"farmersdelight:cabbage_seeds":5,"tomes:ancient_heart":1,"minecraft:rotten_flesh":4,"randomloot:titan_case":1,"farlanders:ender_horn":1,"mowziesmobs:barakoa_mask_bliss":1,"minecraft:nether_bricks":16,"minecraft:oak_sign":1,"enigmaticlegacy:cursed_ring":1,"wyrmroost:platinum_axe":2,"mowziesmobs:barakoa_mask_fury":1,"minecraft:andesite":60,"minecraft:melon_seeds":3,"minecraft:birch_door":1,"minecraft:acacia_sapling":1,"minecraft:wooden_pickaxe":2,"minecraft:stone_pickaxe":1,"enigmaticlegacy:enigmatic_amulet":1,"minecraft:netherrack":6},"minecraft:killed_by":{"minecraft:player":5,"farlanders:classic_enderman":2,"minecraft:enderman":1,"artifacts:mimic":2,"minecraft:zombie":1},"minecraft:used":{"minecraft:acacia_log":29,"minecraft:oak_sign":2,"minecraft:chest":1,"adventureapparatus:pick_on_a_stick":3,"minecraft:iron_sword":202,"minecraft:wooden_shovel":96,"minecraft:orange_bed":6,"simpletomb:grave_key":16,"minecraft:torch":36,"minecraft:dirt":101,"minecraft:mutton":1,"minecraft:carrot":3,"minecraft:lava_bucket":1,"minecraft:iron_axe":15,"minecraft:furnace":2,"minecraft:potato":3,"minecraft:water_bucket":7,"minecraft:diorite":22,"minecraft:stone_pickaxe":126,"minecraft:wooden_pickaxe":27,"supertools:hammeriron":46,"minecraft:crafting_table":9,"minecraft:white_bed":1,"minecraft:bread":25,"minecraft:melon_slice":38,"minecraft:iron_pickaxe":489,"minecraft:stone_axe":28,"spartanshields:shield_tower_platinum":3,"minecraft:cobblestone":14,"minecraft:potion":1,"minecraft:cooked_porkchop":4,"minecraft:andesite":29,"minecraft:bucket":9},"minecraft:picked_up":{"minecraft:crafting_table":5,"minecraft:wheat":3,"artifacts:bunny_hoppers":1,"minecraft:wooden_pickaxe":1,"wyrmroost:platinum_ore":27,"minecraft:potion":1,"minecraft:enchanted_book":6,"minecraft:shield":1,"tomes:ancient_heart":2,"alexsmobs:gazelle_horn":4,"forbidden_arcanus:xpetrified_orb":2,"minecraft:iron_shovel":1,"minecraft:iron_axe":2,"prefab:item_start_house":2,"farlanders:ender_horn":1,"minecraft:oak_sign":3,"alexsmobs:emu_feather":2,"wyrmroost:platinum_boots":2,"minecraft:iron_pickaxe":4,"minecraft:melon_slice":35,"minecraft:chest":1,"slimier-slimes:white_jelly":1,"minecraft:phantom_membrane":1,"minecraft:furnace":1,"minecraft:stick":16,"xreliquary:zombie_heart":1,"minecraft:torch":5,"minecraft:acacia_log":33,"minecraft:porkchop":2,"minecraft:diorite":95,"minecraft:redstone":92,"wyrmroost:platinum_helmet":3,"minecraft:orange_bed":8,"minecraft:arrow":11,"minecraft:rotten_flesh":4,"minecraft:nether_bricks":16,"minecraft:shears":1,"minecraft:iron_block":1,"alexsmobs:emu_egg":4,"mowziesmobs:barakoa_mask_misery":2,"minecraft:mutton":2,"minecraft:iron_bars":1,"minecraft:cobblestone":354,"paraglider:paraglider":2,"minecraft:leather_chestplate":1,"minecraft:water_bucket":1,"minecraft:andesite":99,"alexsmobs:acacia_blossom":1,"mowziesmobs:barakoa_mask_fury":1,"minecraft:smoker":1,"minecraft:filled_map":1,"relics:scarab_talisman":1,"minecraft:gunpowder":13,"mca:book_romance":2,"minecraft:lapis_lazuli":65,"minecraft:dirt":126,"artifacts:flippers":1,"minecraft:bone":8,"minecraft:acacia_planks":2,"minecraft:bow":1,"minecraft:wheat_seeds":46,"minecraft:iron_ingot":3,"minecraft:stone_pickaxe":1,"minecraft:iron_ore":57,"slimier-slimes:blue_jelly":2,"minecraft:iron_sword":2,"minecraft:oak_planks":132,"minecraft:acacia_sapling":1,"wyrmroost:platinum_axe":2,"enigmaticlegacy:enigmatic_amulet":1,"mowziesmobs:barakoa_mask_bliss":3,"minecraft:blast_furnace":1,"minecraft:white_bed":1,"minecraft:gold_ore":4,"minecraft:red_terracotta":1,"forbidden_arcanus:arcane_crystal":5,"minecraft:diamond":7,"minecraft:stone_axe":1,"minecraft:chainmail_leggings":2,"minecraft:granite":375,"minecraft:chainmail_helmet":2,"randomloot:titan_case":1,"minecraft:bread":64,"minecraft:emerald":2,"alexsmobs:maggot":1,"minecraft:netherrack":8,"minecraft:melon_seeds":1,"minecraft:coal":88,"spartanshields:shield_tower_platinum":2,"adventureapparatus:pick_on_a_stick":1},"minecraft:killed":{"mowziesmobs:barakoan_barakoana":4,"mca:male_zombie_villager":1,"minecraft:spider":2,"minecraft:phantom":2,"minecraft:skeleton":5,"artifacts:mimic":2,"mowziesmobs:barakoaya":3,"minecraft:pig":1,"farlanders:looter":1,"farlanders:ender_golem":1,"minecraft:creeper":1,"alexsmobs:emu":2,"minecraft:zombie":7,"mowziesmobs:barakoana":1,"alexsmobs:gazelle":6}},"DataVersion":2586}