{
  "farmersdelight:recipes/farmersdelight/wheat_dough_from_eggs": {
    "criteria": {
      "has_wheat": "2024-09-07 22:22:29 -0600"
    },
    "done": true
  },
  "sworddisplay:recipes/sworddisplay/acacia_sword_case": {
    "criteria": {
      "has_core": "2024-09-07 22:38:22 -0600"
    },
    "done": true
  },
  "minecraft:recipes/redstone/lever": {
    "criteria": {
      "has_cobblestone": "2024-09-07 22:45:32 -0600"
    },
    "done": true
  },
  "slimier-slimes:recipes/slimier-slimes/orange_slime_ball": {
    "criteria": {
      "has_jelly": "2024-09-07 22:53:27 -0600"
    },
    "done": true
  },
  "minecraft:recipes/building_blocks/cobblestone_stairs_from_cobblestone_stonecutting": {
    "criteria": {
      "has_cobblestone": "2024-09-07 22:45:32 -0600"
    },
    "done": true
  },
  "minecraft:recipes/building_blocks/magenta_concrete_powder": {
    "criteria": {
      "has_sand": "2024-09-07 22:34:14 -0600"
    },
    "done": true
  },
  "farmersdelight:recipes/farmersdelight/organic_compost_from_rotten_flesh": {
    "criteria": {
      "has_rotten_flesh": "2024-09-07 22:32:00 -0600"
    },
    "done": true
  },
  "minecraft:recipes/redstone/acacia_button": {
    "criteria": {
      "has_planks": "2024-09-07 22:38:22 -0600"
    },
    "done": true
  },
  "naturescompass:natures_compass": {
    "criteria": {
      "has_recipe": "2024-09-07 22:37:48 -0600"
    },
    "done": true
  },
  "bloodmagic:recipes/bloodmagictab/synthetic_point": {
    "criteria": {
      "has_nugget": "2024-09-07 22:45:46 -0600"
    },
    "done": true
  },
  "mcwfurnitures:recipes/acacia/acacia_modern_desk_left": {
    "criteria": {
      "has_planks": "2024-09-07 22:37:48 -0600"
    },
    "done": true
  },
  "minecraft:recipes/misc/wheat": {
    "criteria": {
      "has_hay_block": "2024-09-07 22:22:03 -0600"
    },
    "done": true
  },
  "biomesoplenty:recipes/transportation/willow_boat": {
    "criteria": {
      "in_water": "2024-09-07 22:22:30 -0600"
    },
    "done": true
  },
  "minecraft:recipes/building_blocks/polished_andesite_stairs_from_andesite_stonecutting": {
    "criteria": {
      "has_andesite": "2024-09-07 22:39:09 -0600"
    },
    "done": true
  },
  "mca:recipes/misc/needle_and_thread": {
    "criteria": {
      "has_item": "2024-09-07 22:00:30 -0600"
    },
    "done": true
  },
  "minecraft:recipes/building_blocks/lime_concrete_powder": {
    "criteria": {
      "has_sand": "2024-09-07 22:34:14 -0600"
    },
    "done": true
  },
  "minecraft:recipes/building_blocks/yellow_concrete_powder": {
    "criteria": {
      "has_sand": "2024-09-07 22:34:14 -0600"
    },
    "done": true
  },
  "minecraft:recipes/decorations/crafting_table": {
    "criteria": {
      "has_planks": "2024-09-07 22:38:22 -0600"
    },
    "done": true
  },
  "minecraft:recipes/decorations/campfire": {
    "criteria": {
      "has_stick": "2024-09-07 22:38:35 -0600"
    },
    "done": true
  },
  "undergarden:recipes/decorations/smogstem_torch_ditchbulb": {
    "criteria": {
      "has_stick": "2024-09-07 22:38:35 -0600"
    },
    "done": true
  },
  "minecraft:recipes/food/bread": {
    "criteria": {
      "has_wheat": "2024-09-07 22:22:29 -0600"
    },
    "done": true
  },
  "minecraft:recipes/building_blocks/diorite_slab_from_diorite_stonecutting": {
    "criteria": {
      "has_diorite": "2024-09-07 22:40:12 -0600"
    },
    "done": true
  },
  "enigmaticlegacy:recipes/generic/the_acknowledgment": {
    "criteria": {
      "has_iron_ingot": "2024-09-07 22:00:29 -0600"
    },
    "done": true
  },
  "minecraft:recipes/misc/melon_seeds": {
    "criteria": {
      "has_melon": "2024-09-07 22:22:22 -0600"
    },
    "done": true
  },
  "biomesoplenty:recipes/transportation/mahogany_boat": {
    "criteria": {
      "in_water": "2024-09-07 22:22:30 -0600"
    },
    "done": true
  },
  "minecraft:recipes/decorations/ladder": {
    "criteria": {
      "has_stick": "2024-09-07 22:38:35 -0600"
    },
    "done": true
  },
  "corail_woodcutter:recipes/from_acacia_planks": {
    "criteria": {
      "has_ingredient": "2024-09-07 22:38:22 -0600"
    },
    "done": true
  },
  "farmersdelight:recipes/farmersdelight/pie_crust": {
    "criteria": {
      "has_wheat": "2024-09-07 22:22:29 -0600"
    },
    "done": true
  },
  "minecraft:recipes/decorations/chest": {
    "criteria": {
      "has_lots_of_items": "2024-09-07 22:43:39 -0600"
    },
    "done": true
  },
  "minecraft:recipes/building_blocks/brown_concrete_powder": {
    "criteria": {
      "has_sand": "2024-09-07 22:34:14 -0600"
    },
    "done": true
  },
  "paraglider:recipes/paraglider/cosmetic/paraglider": {
    "criteria": {
      "has_paragliders": "2024-09-07 22:53:27 -0600"
    },
    "done": true
  },
  "ironchest:recipes/ironchest/chests/vanilla_dirt_chest": {
    "criteria": {
      "has_iron_ingot": "2024-09-07 22:34:05 -0600"
    },
    "done": true
  },
  "minecraft:recipes/tools/wooden_shovel": {
    "criteria": {
      "has_stick": "2024-09-07 22:38:35 -0600"
    },
    "done": true
  },
  "mca:recipes/misc/rose_gold_ingot": {
    "criteria": {
      "has_item": "2024-09-07 22:00:30 -0600"
    },
    "done": true
  },
  "biomesoplenty:recipes/transportation/dead_boat": {
    "criteria": {
      "in_water": "2024-09-07 22:22:30 -0600"
    },
    "done": true
  },
  "minecraft:recipes/misc/stick": {
    "criteria": {
      "has_planks": "2024-09-07 22:38:22 -0600"
    },
    "done": true
  },
  "mcwfurnitures:recipes/acacia/acacia_modern_desk_right": {
    "criteria": {
      "has_planks": "2024-09-07 22:37:48 -0600"
    },
    "done": true
  },
  "mcwfurnitures:recipes/acacia/acacia_modern_chair": {
    "criteria": {
      "has_planks": "2024-09-07 22:37:48 -0600"
    },
    "done": true
  },
  "enigmaticlegacy:recipes/generic/heaven_scroll": {
    "criteria": {
      "has_parent_recipe": "2024-09-07 22:45:46 -0600"
    },
    "done": false
  },
  "lootr:1chest": {
    "criteria": {
      "opened_chest": "2024-09-07 22:27:10 -0600"
    },
    "done": true
  },
  "minecraft:recipes/transportation/spruce_boat": {
    "criteria": {
      "in_water": "2024-09-07 22:22:30 -0600"
    },
    "done": true
  },
  "mcwbridges:recipes/acacia_rail_bridge": {
    "criteria": {
      "has_planks": "2024-09-07 22:38:22 -0600"
    },
    "done": true
  },
  "mcwfurnitures:recipes/acacia/acacia_striped_chair": {
    "criteria": {
      "has_planks": "2024-09-07 22:37:48 -0600"
    },
    "done": true
  },
  "mcwfurnitures:recipes/acacia/acacia_dresser": {
    "criteria": {
      "has_planks": "2024-09-07 22:37:48 -0600"
    },
    "done": true
  },
  "mcwfurnitures:recipes/acacia/acacia_covered_desk_right": {
    "criteria": {
      "has_planks": "2024-09-07 22:37:48 -0600"
    },
    "done": true
  },
  "mcwfurnitures:recipes/acacia/acacia_nightstand": {
    "criteria": {
      "has_planks": "2024-09-07 22:37:48 -0600"
    },
    "done": true
  },
  "enigmaticlegacy:book/accessories/arcane_scrolls": {
    "criteria": {
      "has_the_recipe": "2024-09-07 22:45:46 -0600"
    },
    "done": true
  },
  "mcwbridges:recipes/rope_acacia_bridge": {
    "criteria": {
      "has_planks": "2024-09-07 22:38:22 -0600"
    },
    "done": true
  },
  "slimier-slimes:recipes/slimier-slimes/green_slime_ball": {
    "criteria": {
      "has_jelly": "2024-09-07 22:53:27 -0600"
    },
    "done": true
  },
  "minecraft:recipes/building_blocks/emerald_block": {
    "criteria": {
      "has_emerald": "2024-09-07 22:49:57 -0600"
    },
    "done": true
  },
  "minecraft:recipes/misc/sugar_from_sugar_cane": {
    "criteria": {
      "has_reeds": "2024-09-07 22:45:46 -0600"
    },
    "done": true
  },
  "enigmaticlegacy:recipes/generic/berserk_emblem": {
    "criteria": {
      "has_parent_recipe": "2024-09-07 22:45:46 -0600",
      "is_cursed_one": "2024-09-07 22:19:34 -0600"
    },
    "done": false
  },
  "undergarden:recipes/undergarden_group/shard_torch": {
    "criteria": {
      "has_stick": "2024-09-07 22:38:35 -0600"
    },
    "done": true
  },
  "forbidden_arcanus:recipes/forbidden_arcanus/stone_blacksmith_gavel": {
    "criteria": {
      "has_item": "2024-09-07 22:45:32 -0600"
    },
    "done": true
  },
  "minecraft:husbandry/balanced_diet": {
    "criteria": {
      "melon_slice": "2024-09-07 22:31:45 -0600"
    },
    "done": false
  },
  "minecraft:recipes/tools/wooden_hoe": {
    "criteria": {
      "has_stick": "2024-09-07 22:38:35 -0600"
    },
    "done": true
  },
  "minecraft:recipes/building_blocks/cobblestone_slab": {
    "criteria": {
      "has_cobblestone": "2024-09-07 22:45:32 -0600"
    },
    "done": true
  },
  "mca:recipes/misc/rose_gold_ingot_blasting": {
    "criteria": {
      "has_item": "2024-09-07 22:00:29 -0600"
    },
    "done": true
  },
  "slimier-slimes:recipes/slimier-slimes/black_slime_ball": {
    "criteria": {
      "has_jelly": "2024-09-07 22:53:27 -0600"
    },
    "done": true
  },
  "enigmaticlegacy:book/soul_loss": {
    "criteria": {
      "incompletable": "2024-09-07 22:28:18 -0600",
      "is_cursed_one": "2024-09-07 22:19:34 -0600"
    },
    "done": true
  },
  "slimier-slimes:recipes/slimier-slimes/lime_slime_ball": {
    "criteria": {
      "has_jelly": "2024-09-07 22:53:27 -0600"
    },
    "done": true
  },
  "slimier-slimes:recipes/slimier-slimes/brown_slime_ball": {
    "criteria": {
      "has_jelly": "2024-09-07 22:53:27 -0600"
    },
    "done": true
  },
  "minecraft:recipes/building_blocks/cobblestone_stairs": {
    "criteria": {
      "has_cobblestone": "2024-09-07 22:45:32 -0600"
    },
    "done": true
  },
  "minecraft:recipes/building_blocks/diorite_slab": {
    "criteria": {
      "has_diorite": "2024-09-07 22:40:12 -0600"
    },
    "done": true
  },
  "biomesoplenty:recipes/transportation/magic_boat": {
    "criteria": {
      "in_water": "2024-09-07 22:22:30 -0600"
    },
    "done": true
  },
  "mcwfurnitures:recipes/acacia/acacia_plate": {
    "criteria": {
      "has_planks": "2024-09-07 22:37:48 -0600"
    },
    "done": true
  },
  "naturescompass:natures_compass_sapling": {
    "criteria": {
      "has_recipe": "2024-09-07 22:37:48 -0600"
    },
    "done": true
  },
  "slimier-slimes:recipes/misc/cyan_dye": {
    "criteria": {
      "has_jelly": "2024-09-07 22:53:27 -0600"
    },
    "done": true
  },
  "slimier-slimes:recipes/misc/red_dye": {
    "criteria": {
      "has_jelly": "2024-09-07 22:53:27 -0600"
    },
    "done": true
  },
  "slimier-slimes:recipes/slimier-slimes/purple_slime_ball": {
    "criteria": {
      "has_jelly": "2024-09-07 22:53:27 -0600"
    },
    "done": true
  },
  "minecraft:recipes/building_blocks/light_gray_concrete_powder": {
    "criteria": {
      "has_sand": "2024-09-07 22:34:14 -0600"
    },
    "done": true
  },
  "minecraft:recipes/building_blocks/light_blue_concrete_powder": {
    "criteria": {
      "has_sand": "2024-09-07 22:34:14 -0600"
    },
    "done": true
  },
  "biomesoplenty:recipes/transportation/cherry_boat": {
    "criteria": {
      "in_water": "2024-09-07 22:22:30 -0600"
    },
    "done": true
  },
  "dungeons_enhanced:ambitious_explorer": {
    "criteria": {
      "entered_hay_storage": "2024-09-07 22:25:44 -0600"
    },
    "done": false
  },
  "biomesoplenty:recipes/transportation/fir_boat": {
    "criteria": {
      "in_water": "2024-09-07 22:22:30 -0600"
    },
    "done": true
  },
  "minecraft:recipes/building_blocks/hay_block": {
    "criteria": {
      "has_wheat": "2024-09-07 22:22:29 -0600"
    },
    "done": true
  },
  "minecraft:recipes/building_blocks/glass": {
    "criteria": {
      "has_sand": "2024-09-07 22:34:14 -0600"
    },
    "done": true
  },
  "minecraft:recipes/building_blocks/pink_concrete_powder": {
    "criteria": {
      "has_sand": "2024-09-07 22:34:14 -0600"
    },
    "done": true
  },
  "sophisticatedbackpacks:recipes/sophisticatedbackpacks/blasting_upgrade": {
    "criteria": {
      "has_upgrade_base": "2024-09-07 22:00:29 -0600"
    },
    "done": true
  },
  "minecraft:recipes/building_blocks/acacia_slab": {
    "criteria": {
      "has_planks": "2024-09-07 22:38:22 -0600"
    },
    "done": true
  },
  "sophisticatedbackpacks:recipes/sophisticatedbackpacks/auto_smoking_upgrade": {
    "criteria": {
      "has_smoking_upgrade": "2024-09-07 22:00:29 -0600"
    },
    "done": true
  },
  "minecraft:recipes/building_blocks/purple_concrete_powder": {
    "criteria": {
      "has_sand": "2024-09-07 22:34:14 -0600"
    },
    "done": true
  },
  "slimier-slimes:recipes/slimier-slimes/cyan_slime_ball": {
    "criteria": {
      "has_jelly": "2024-09-07 22:53:27 -0600"
    },
    "done": true
  },
  "minecraft:recipes/decorations/acacia_fence": {
    "criteria": {
      "has_planks": "2024-09-07 22:38:22 -0600"
    },
    "done": true
  },
  "minecraft:recipes/building_blocks/andesite_stairs_from_andesite_stonecutting": {
    "criteria": {
      "has_andesite": "2024-09-07 22:39:09 -0600"
    },
    "done": true
  },
  "enigmaticlegacy:book/relics/cursed_ring": {
    "criteria": {
      "has_items": "2024-09-07 22:00:30 -0600"
    },
    "done": true
  },
  "minecraft:recipes/decorations/diorite_wall_from_diorite_stonecutting": {
    "criteria": {
      "has_diorite": "2024-09-07 22:40:12 -0600"
    },
    "done": true
  },
  "mcwfurnitures:recipes/acacia/acacia_glass_desk_left": {
    "criteria": {
      "has_planks": "2024-09-07 22:37:48 -0600"
    },
    "done": true
  },
  "minecraft:story/mine_stone": {
    "criteria": {
      "get_stone": "2024-09-07 22:45:32 -0600"
    },
    "done": true
  },
  "biomesoplenty:biomesoplenty/all_biomes": {
    "criteria": {
      "dryland": "2024-09-07 22:30:55 -0600"
    },
    "done": false
  },
  "mcwfurnitures:recipes/acacia/acacia_stool_chair": {
    "criteria": {
      "has_planks": "2024-09-07 22:37:48 -0600"
    },
    "done": true
  },
  "minecraft:recipes/redstone/target": {
    "criteria": {
      "has_hay_block": "2024-09-07 22:22:03 -0600"
    },
    "done": true
  },
  "minecraft:recipes/decorations/furnace": {
    "criteria": {
      "has_cobblestone": "2024-09-07 22:45:32 -0600"
    },
    "done": true
  },
  "slimier-slimes:recipes/misc/yellow_dye": {
    "criteria": {
      "has_jelly": "2024-09-07 22:53:27 -0600"
    },
    "done": true
  },
  "minecraft:recipes/building_blocks/andesite_stairs": {
    "criteria": {
      "has_andesite": "2024-09-07 22:39:09 -0600"
    },
    "done": true
  },
  "minecraft:adventure/sleep_in_bed": {
    "criteria": {
      "slept_in_bed": "2024-09-07 22:50:16 -0600"
    },
    "done": true
  },
  "minecraft:recipes/misc/charcoal": {
    "criteria": {
      "has_log": "2024-09-07 22:37:48 -0600"
    },
    "done": true
  },
  "minecraft:recipes/building_blocks/sandstone": {
    "criteria": {
      "has_sand": "2024-09-07 22:34:14 -0600"
    },
    "done": true
  },
  "minecraft:recipes/tools/wooden_pickaxe": {
    "criteria": {
      "has_stick": "2024-09-07 22:38:35 -0600"
    },
    "done": true
  },
  "sophisticatedbackpacks:recipes/sophisticatedbackpacks/smoking_upgrade_from_smelting_upgrade": {
    "criteria": {
      "has_smelting_upgrade": "2024-09-07 22:00:29 -0600"
    },
    "done": true
  },
  "minecraft:recipes/building_blocks/cobblestone_slab_from_cobblestone_stonecutting": {
    "criteria": {
      "has_cobblestone": "2024-09-07 22:45:32 -0600"
    },
    "done": true
  },
  "enigmaticlegacy:recipes/generic/thicc_scroll": {
    "criteria": {
      "has_items": "2024-09-07 22:45:46 -0600"
    },
    "done": true
  },
  "minecraft:husbandry/root": {
    "criteria": {
      "consumed_item": "2024-09-07 22:31:45 -0600"
    },
    "done": true
  },
  "minecraft:recipes/transportation/birch_boat": {
    "criteria": {
      "in_water": "2024-09-07 22:22:30 -0600"
    },
    "done": true
  },
  "paraglider:paraglider": {
    "criteria": {
      "paraglider": "2024-09-07 22:53:27 -0600"
    },
    "done": true
  },
  "minecraft:recipes/building_blocks/polished_andesite_slab_from_andesite_stonecutting": {
    "criteria": {
      "has_andesite": "2024-09-07 22:39:09 -0600"
    },
    "done": true
  },
  "minecraft:recipes/building_blocks/green_concrete_powder": {
    "criteria": {
      "has_sand": "2024-09-07 22:34:14 -0600"
    },
    "done": true
  },
  "minecraft:recipes/building_blocks/polished_andesite_from_andesite_stonecutting": {
    "criteria": {
      "has_andesite": "2024-09-07 22:39:09 -0600"
    },
    "done": true
  },
  "minecraft:recipes/transportation/acacia_boat": {
    "criteria": {
      "in_water": "2024-09-07 22:22:30 -0600"
    },
    "done": true
  },
  "minecraft:recipes/redstone/acacia_door": {
    "criteria": {
      "has_planks": "2024-09-07 22:38:22 -0600"
    },
    "done": true
  },
  "farmersdelight:recipes/farmersdelight/cutting_board": {
    "criteria": {
      "has_stick": "2024-09-07 22:38:35 -0600"
    },
    "done": true
  },
  "slimier-slimes:recipes/misc/blue_dye": {
    "criteria": {
      "has_jelly": "2024-09-07 22:53:27 -0600"
    },
    "done": true
  },
  "sophisticatedbackpacks:recipes/sophisticatedbackpacks/auto_blasting_upgrade_from_auto_smelting_upgrade": {
    "criteria": {
      "has_auto_smelting_upgrade": "2024-09-07 22:00:29 -0600"
    },
    "done": true
  },
  "minecraft:adventure/root": {
    "criteria": {
      "killed_by_something": "2024-09-07 22:32:17 -0600"
    },
    "done": true
  },
  "lootr:social": {
    "criteria": {
      "opened_barrel": "2024-09-07 22:45:35 -0600",
      "opened_chest": "2024-09-07 22:27:10 -0600"
    },
    "done": false
  },
  "minecraft:recipes/building_blocks/white_concrete_powder": {
    "criteria": {
      "has_sand": "2024-09-07 22:34:14 -0600"
    },
    "done": true
  },
  "farmersdelight:main/root": {
    "criteria": {
      "seeds": "2024-09-07 22:00:30 -0600"
    },
    "done": true
  },
  "minecraft:recipes/tools/stone_hoe": {
    "criteria": {
      "has_cobblestone": "2024-09-07 22:45:32 -0600"
    },
    "done": true
  },
  "mcwfurnitures:recipes/acacia/acacia_double_desk_left": {
    "criteria": {
      "has_planks": "2024-09-07 22:37:48 -0600"
    },
    "done": true
  },
  "enigmaticlegacy:recipes/generic/dark_mirror": {
    "criteria": {
      "is_cursed_one": "2024-09-07 22:19:34 -0600"
    },
    "done": false
  },
  "slimier-slimes:recipes/slimier-slimes/light_blue_slime_ball": {
    "criteria": {
      "has_jelly": "2024-09-07 22:53:27 -0600"
    },
    "done": true
  },
  "farmersdelight:recipes/farmersdelight/melon_popsicle": {
    "criteria": {
      "has_melon": "2024-09-07 22:22:22 -0600"
    },
    "done": true
  },
  "paraglider:recipes/paraglider/cosmetic/deku_leaf": {
    "criteria": {
      "has_paragliders": "2024-09-07 22:53:27 -0600"
    },
    "done": true
  },
  "farmersdelight:recipes/farmersdelight/wheat_dough_from_water": {
    "criteria": {
      "has_wheat": "2024-09-07 22:22:29 -0600"
    },
    "done": true
  },
  "minecraft:recipes/brewing/glistering_melon_slice": {
    "criteria": {
      "has_melon": "2024-09-07 22:22:22 -0600"
    },
    "done": true
  },
  "minecraft:recipes/misc/iron_nugget_from_smelting": {
    "criteria": {
      "has_iron_pickaxe": "2024-09-07 22:53:27 -0600"
    },
    "done": true
  },
  "mca:recipes/misc/family_tree": {
    "criteria": {
      "has_item": "2024-09-07 22:00:30 -0600"
    },
    "done": true
  },
  "mca:root": {
    "criteria": {
      "village_taiga": "2024-09-07 22:00:30 -0600",
      "village_savanna": "2024-09-07 22:00:30 -0600",
      "village_snowy": "2024-09-07 22:00:30 -0600",
      "village_desert": "2024-09-07 22:00:30 -0600",
      "village_plains": "2024-09-07 22:00:30 -0600"
    },
    "done": true
  },
  "naturescompass:natures_compass_log": {
    "criteria": {
      "has_log": "2024-09-07 22:37:48 -0600"
    },
    "done": true
  },
  "mcwfurnitures:recipes/acacia/acacia_pult": {
    "criteria": {
      "has_planks": "2024-09-07 22:37:48 -0600"
    },
    "done": true
  },
  "minecraft:recipes/decorations/chain": {
    "criteria": {
      "has_iron_nugget": "2024-09-07 22:45:46 -0600"
    },
    "done": true
  },
  "sworddisplay:recipes/sworddisplay/acacia_sword_display": {
    "criteria": {
      "has_core": "2024-09-07 22:38:22 -0600"
    },
    "done": true
  },
  "slimier-slimes:recipes/slimier-slimes/yellow_slime_ball": {
    "criteria": {
      "has_jelly": "2024-09-07 22:53:27 -0600"
    },
    "done": true
  },
  "mcwfurnitures:recipes/acacia/acacia_dresser_12": {
    "criteria": {
      "has_planks": "2024-09-07 22:37:48 -0600"
    },
    "done": true
  },
  "minecraft:recipes/transportation/oak_boat": {
    "criteria": {
      "in_water": "2024-09-07 22:22:30 -0600"
    },
    "done": true
  },
  "mcwfurnitures:recipes/acacia/acacia_dresser_13": {
    "criteria": {
      "has_planks": "2024-09-07 22:37:48 -0600"
    },
    "done": true
  },
  "slimier-slimes:recipes/misc/green_dye": {
    "criteria": {
      "has_jelly": "2024-09-07 22:53:27 -0600"
    },
    "done": true
  },
  "mcwfurnitures:recipes/acacia/acacia_dresser_14": {
    "criteria": {
      "has_planks": "2024-09-07 22:37:48 -0600"
    },
    "done": true
  },
  "paraglider:root": {
    "criteria": {
      "crafting_table": "2024-09-07 22:38:27 -0600"
    },
    "done": true
  },
  "mcwfurnitures:recipes/acacia/acacia_desk_right": {
    "criteria": {
      "has_planks": "2024-09-07 22:37:48 -0600"
    },
    "done": true
  },
  "mcwfurnitures:recipes/acacia/acacia_dresser_11": {
    "criteria": {
      "has_planks": "2024-09-07 22:37:48 -0600"
    },
    "done": true
  },
  "minecraft:recipes/building_blocks/orange_concrete_powder": {
    "criteria": {
      "has_sand": "2024-09-07 22:34:14 -0600"
    },
    "done": true
  },
  "lootr:1barrel": {
    "criteria": {
      "opened_barrel": "2024-09-07 22:45:35 -0600"
    },
    "done": true
  },
  "minecraft:recipes/building_blocks/cyan_concrete_powder": {
    "criteria": {
      "has_sand": "2024-09-07 22:34:14 -0600"
    },
    "done": true
  },
  "enigmaticlegacy:recipes/generic/the_twist": {
    "criteria": {
      "has_parent_recipe": "2024-09-07 22:00:29 -0600",
      "is_cursed_one": "2024-09-07 22:19:34 -0600"
    },
    "done": false
  },
  "enigmaticlegacy:recipes/generic/xp_scroll": {
    "criteria": {
      "has_parent_recipe": "2024-09-07 22:45:46 -0600"
    },
    "done": false
  },
  "enigmaticlegacy:recipes/generic/lore_fragment": {
    "criteria": {
      "has_items": "2024-09-07 22:45:46 -0600"
    },
    "done": true
  },
  "mca:recipes/building_blocks/headstones": {
    "criteria": {
      "has_ingredients": "2024-09-07 22:00:29 -0600"
    },
    "done": true
  },
  "slimier-slimes:recipes/slimier-slimes/light_gray_slime_ball": {
    "criteria": {
      "has_jelly": "2024-09-07 22:53:27 -0600"
    },
    "done": true
  },
  "slimier-slimes:recipes/misc/brown_dye": {
    "criteria": {
      "has_jelly": "2024-09-07 22:53:27 -0600"
    },
    "done": true
  },
  "forbidden_arcanus:recipes/forbidden_arcanus/wooden_blacksmith_gavel": {
    "criteria": {
      "has_item": "2024-09-07 22:38:22 -0600"
    },
    "done": true
  },
  "undergarden:recipes/undergarden_group/wigglewood_boat": {
    "criteria": {
      "in_water": "2024-09-07 22:22:30 -0600"
    },
    "done": true
  },
  "mcwbridges:recipes/acacia_log_bridge_middle": {
    "criteria": {
      "has_planks": "2024-09-07 22:38:22 -0600"
    },
    "done": true
  },
  "minecraft:recipes/tools/wooden_axe": {
    "criteria": {
      "has_stick": "2024-09-07 22:38:35 -0600"
    },
    "done": true
  },
  "slimier-slimes:recipes/misc/light_blue_dye": {
    "criteria": {
      "has_jelly": "2024-09-07 22:53:27 -0600"
    },
    "done": true
  },
  "mcwfurnitures:recipes/acacia/acacia_covered_desk_left": {
    "criteria": {
      "has_planks": "2024-09-07 22:37:48 -0600"
    },
    "done": true
  },
  "xreliquary:recipes/mob_charm": {
    "criteria": {
      "has_mob_charm_fragment": "2024-09-07 22:53:26 -0600"
    },
    "done": true
  },
  "minecraft:recipes/misc/paper": {
    "criteria": {
      "has_reeds": "2024-09-07 22:45:46 -0600"
    },
    "done": true
  },
  "enigmaticlegacy:recipes/generic/escape_scroll": {
    "criteria": {
      "has_parent_recipe": "2024-09-07 22:45:46 -0600"
    },
    "done": false
  },
  "mcwfurnitures:recipes/acacia/acacia_dresser_9": {
    "criteria": {
      "has_planks": "2024-09-07 22:37:48 -0600"
    },
    "done": true
  },
  "dungeons_enhanced:root": {
    "criteria": {
      "entered_hay_storage": "2024-09-07 22:25:44 -0600"
    },
    "done": true
  },
  "biomesoplenty:recipes/transportation/umbran_boat": {
    "criteria": {
      "in_water": "2024-09-07 22:22:30 -0600"
    },
    "done": true
  },
  "mcwfurnitures:recipes/acacia/acacia_dresser_7": {
    "criteria": {
      "has_planks": "2024-09-07 22:37:48 -0600"
    },
    "done": true
  },
  "slimier-slimes:recipes/slimier-slimes/blue_slime_ball": {
    "criteria": {
      "has_jelly": "2024-09-07 22:53:27 -0600"
    },
    "done": true
  },
  "mcwfurnitures:recipes/acacia/acacia_pult_2": {
    "criteria": {
      "has_planks": "2024-09-07 22:37:48 -0600"
    },
    "done": true
  },
  "biomesoplenty:recipes/transportation/palm_boat": {
    "criteria": {
      "in_water": "2024-09-07 22:22:30 -0600"
    },
    "done": true
  },
  "mcwfurnitures:recipes/acacia/acacia_pult_3": {
    "criteria": {
      "has_planks": "2024-09-07 22:37:48 -0600"
    },
    "done": true
  },
  "mcwfurnitures:recipes/acacia/acacia_pult_4": {
    "criteria": {
      "has_planks": "2024-09-07 22:37:48 -0600"
    },
    "done": true
  },
  "minecraft:recipes/redstone/acacia_pressure_plate": {
    "criteria": {
      "has_planks": "2024-09-07 22:38:22 -0600"
    },
    "done": true
  },
  "minecraft:recipes/building_blocks/diorite_stairs_from_diorite_stonecutting": {
    "criteria": {
      "has_diorite": "2024-09-07 22:40:12 -0600"
    },
    "done": true
  },
  "mcwfurnitures:recipes/acacia/acacia_pult_1": {
    "criteria": {
      "has_planks": "2024-09-07 22:37:48 -0600"
    },
    "done": true
  },
  "biomesoplenty:recipes/transportation/redwood_boat": {
    "criteria": {
      "in_water": "2024-09-07 22:22:30 -0600"
    },
    "done": true
  },
  "slimier-slimes:recipes/misc/lime_dye": {
    "criteria": {
      "has_jelly": "2024-09-07 22:53:27 -0600"
    },
    "done": true
  },
  "slimier-slimes:recipes/slimier-slimes/red_slime_ball": {
    "criteria": {
      "has_jelly": "2024-09-07 22:53:27 -0600"
    },
    "done": true
  },
  "mcwfurnitures:recipes/acacia/acacia_furniture_1": {
    "criteria": {
      "has_planks": "2024-09-07 22:37:48 -0600"
    },
    "done": true
  },
  "mcwfurnitures:recipes/acacia/acacia_furniture_2": {
    "criteria": {
      "has_planks": "2024-09-07 22:37:48 -0600"
    },
    "done": true
  },
  "mcwfurnitures:recipes/acacia/acacia_furniture_3": {
    "criteria": {
      "has_planks": "2024-09-07 22:37:48 -0600"
    },
    "done": true
  },
  "mca:recipes/misc/books": {
    "criteria": {
      "has_item": "2024-09-07 22:00:29 -0600"
    },
    "done": true
  },
  "mca:recipes/misc/rose_gold_ingot_smelting": {
    "criteria": {
      "has_item": "2024-09-07 22:00:29 -0600"
    },
    "done": true
  },
  "mcwfurnitures:recipes/acacia/acacia_furniture_4": {
    "criteria": {
      "has_planks": "2024-09-07 22:37:48 -0600"
    },
    "done": true
  },
  "mcwfurnitures:recipes/acacia/acacia_furniture_6": {
    "criteria": {
      "has_planks": "2024-09-07 22:37:48 -0600"
    },
    "done": true
  },
  "mcwfurnitures:recipes/acacia/acacia_furniture_7": {
    "criteria": {
      "has_planks": "2024-09-07 22:37:48 -0600"
    },
    "done": true
  },
  "slimier-slimes:recipes/slimier-slimes/magenta_slime_ball": {
    "criteria": {
      "has_jelly": "2024-09-07 22:53:27 -0600"
    },
    "done": true
  },
  "undergarden:undergarden/root": {
    "criteria": {
      "tick": "2024-09-07 22:00:30 -0600"
    },
    "done": true
  },
  "minecraft:recipes/building_blocks/acacia_wood": {
    "criteria": {
      "has_log": "2024-09-07 22:37:48 -0600"
    },
    "done": true
  },
  "enigmaticlegacy:recipes/generic/cursed_stone": {
    "criteria": {
      "is_cursed_one": "2024-09-07 22:19:34 -0600"
    },
    "done": false
  },
  "minecraft:recipes/building_blocks/andesite_slab_from_andesite_stonecutting": {
    "criteria": {
      "has_andesite": "2024-09-07 22:39:09 -0600"
    },
    "done": true
  },
  "minecraft:recipes/redstone/acacia_fence_gate": {
    "criteria": {
      "has_planks": "2024-09-07 22:38:22 -0600"
    },
    "done": true
  },
  "mcwfurnitures:recipes/acacia/acacia_plant_pot_right": {
    "criteria": {
      "has_planks": "2024-09-07 22:37:48 -0600"
    },
    "done": true
  },
  "mowziesmobs:root": {
    "criteria": {
      "custom_test_name": "2024-09-07 22:00:30 -0600"
    },
    "done": true
  },
  "undergarden:recipes/undergarden_group/slingshot": {
    "criteria": {
      "has_stick": "2024-09-07 22:38:35 -0600"
    },
    "done": true
  },
  "minecraft:recipes/combat/wooden_sword": {
    "criteria": {
      "has_stick": "2024-09-07 22:38:35 -0600"
    },
    "done": true
  },
  "minecraft:recipes/tools/stone_shovel": {
    "criteria": {
      "has_cobblestone": "2024-09-07 22:45:32 -0600"
    },
    "done": true
  },
  "slimier-slimes:recipes/misc/orange_dye": {
    "criteria": {
      "has_jelly": "2024-09-07 22:53:27 -0600"
    },
    "done": true
  },
  "minecraft:recipes/building_blocks/blue_concrete_powder": {
    "criteria": {
      "has_sand": "2024-09-07 22:34:14 -0600"
    },
    "done": true
  },
  "minecraft:recipes/building_blocks/gray_concrete_powder": {
    "criteria": {
      "has_sand": "2024-09-07 22:34:14 -0600"
    },
    "done": true
  },
  "slimier-slimes:recipes/slimier-slimes/gray_slime_ball": {
    "criteria": {
      "has_jelly": "2024-09-07 22:53:27 -0600"
    },
    "done": true
  },
  "minecraft:recipes/building_blocks/diorite_stairs": {
    "criteria": {
      "has_diorite": "2024-09-07 22:40:12 -0600"
    },
    "done": true
  },
  "mcwfurnitures:recipes/acacia/acacia_chair": {
    "criteria": {
      "has_planks": "2024-09-07 22:37:48 -0600"
    },
    "done": true
  },
  "minecraft:recipes/building_blocks/andesite": {
    "criteria": {
      "has_stone": "2024-09-07 22:40:12 -0600"
    },
    "done": true
  },
  "sophisticatedbackpacks:recipes/sophisticatedbackpacks/blasting_upgrade_from_smelting_upgrade": {
    "criteria": {
      "has_smelting_upgrade": "2024-09-07 22:00:29 -0600"
    },
    "done": true
  },
  "mca:recipes/misc/comb": {
    "criteria": {
      "has_item": "2024-09-07 22:00:29 -0600"
    },
    "done": true
  },
  "slimier-slimes:recipes/misc/light_gray_dye": {
    "criteria": {
      "has_jelly": "2024-09-07 22:53:27 -0600"
    },
    "done": true
  },
  "minecraft:recipes/redstone/acacia_trapdoor": {
    "criteria": {
      "has_planks": "2024-09-07 22:38:22 -0600"
    },
    "done": true
  },
  "enigmaticlegacy:book/relics/enigmatic_amulet": {
    "criteria": {
      "has_items": "2024-09-07 22:00:30 -0600"
    },
    "done": true
  },
  "slimier-slimes:recipes/misc/white_dye": {
    "criteria": {
      "has_jelly": "2024-09-07 22:53:27 -0600"
    },
    "done": true
  },
  "undergarden:recipes/decorations/undergarden_scaffolding": {
    "criteria": {
      "has_stick": "2024-09-07 22:38:35 -0600"
    },
    "done": true
  },
  "biomesoplenty:biomesoplenty/root": {
    "criteria": {
      "dryland": "2024-09-07 22:30:55 -0600"
    },
    "done": true
  },
  "minecraft:recipes/building_blocks/black_concrete_powder": {
    "criteria": {
      "has_sand": "2024-09-07 22:34:14 -0600"
    },
    "done": true
  },
  "minecraft:story/iron_tools": {
    "criteria": {
      "iron_pickaxe": "2024-09-07 22:53:27 -0600"
    },
    "done": true
  },
  "minecraft:recipes/decorations/cartography_table": {
    "criteria": {
      "has_paper": "2024-09-07 22:45:46 -0600"
    },
    "done": true
  },
  "undergarden:recipes/undergarden_group/smogstem_boat": {
    "criteria": {
      "in_water": "2024-09-07 22:22:30 -0600"
    },
    "done": true
  },
  "mcwfurnitures:recipes/acacia/acacia_dresser_5": {
    "criteria": {
      "has_planks": "2024-09-07 22:37:48 -0600"
    },
    "done": true
  },
  "titles:root": {
    "criteria": {
      "crafting_table": "2024-09-07 22:38:27 -0600"
    },
    "done": true
  },
  "mcwfurnitures:recipes/acacia/acacia_dresser_6": {
    "criteria": {
      "has_planks": "2024-09-07 22:37:48 -0600"
    },
    "done": true
  },
  "mcwfurnitures:recipes/acacia/acacia_dresser_3": {
    "criteria": {
      "has_planks": "2024-09-07 22:37:48 -0600"
    },
    "done": true
  },
  "paraglider:recipes/paraglider/paraglider": {
    "criteria": {
      "has_stick": "2024-09-07 22:38:35 -0600"
    },
    "done": true
  },
  "mcwfurnitures:recipes/acacia/acacia_dresser_4": {
    "criteria": {
      "has_planks": "2024-09-07 22:37:48 -0600"
    },
    "done": true
  },
  "minecraft:story/root": {
    "criteria": {
      "crafting_table": "2024-09-07 22:38:27 -0600"
    },
    "done": true
  },
  "minecraft:recipes/combat/crossbow": {
    "criteria": {
      "has_stick": "2024-09-07 22:38:35 -0600"
    },
    "done": true
  },
  "mca:recipes/misc/whistle": {
    "criteria": {
      "has_item": "2024-09-07 22:00:29 -0600"
    },
    "done": true
  },
  "mcwfurnitures:recipes/acacia/acacia_double_desk_right": {
    "criteria": {
      "has_planks": "2024-09-07 22:37:48 -0600"
    },
    "done": true
  },
  "sophisticatedbackpacks:recipes/sophisticatedbackpacks/smoking_upgrade": {
    "criteria": {
      "has_upgrade_base": "2024-09-07 22:00:29 -0600"
    },
    "done": true
  },
  "enigmaticlegacy:recipes/generic/twisted_core": {
    "criteria": {
      "is_cursed_one": "2024-09-07 22:19:34 -0600"
    },
    "done": false
  },
  "slimier-slimes:recipes/misc/gray_dye": {
    "criteria": {
      "has_jelly": "2024-09-07 22:53:27 -0600"
    },
    "done": true
  },
  "minecraft:recipes/building_blocks/polished_diorite_from_diorite_stonecutting": {
    "criteria": {
      "has_diorite": "2024-09-07 22:40:12 -0600"
    },
    "done": true
  },
  "slimier-slimes:recipes/slimier-slimes/pink_slime_ball": {
    "criteria": {
      "has_jelly": "2024-09-07 22:53:27 -0600"
    },
    "done": true
  },
  "mcwfurnitures:recipes/acacia/acacia_box_2": {
    "criteria": {
      "has_planks": "2024-09-07 22:37:48 -0600"
    },
    "done": true
  },
  "minecraft:recipes/building_blocks/red_concrete_powder": {
    "criteria": {
      "has_sand": "2024-09-07 22:34:14 -0600"
    },
    "done": true
  },
  "minecraft:recipes/misc/iron_nugget_from_blasting": {
    "criteria": {
      "has_iron_pickaxe": "2024-09-07 22:53:27 -0600"
    },
    "done": true
  },
  "mca:recipes/misc/potions": {
    "criteria": {
      "has_item": "2024-09-07 22:00:29 -0600"
    },
    "done": true
  },
  "minecraft:recipes/building_blocks/acacia_planks": {
    "criteria": {
      "has_log": "2024-09-07 22:37:48 -0600"
    },
    "done": true
  },
  "mcwfurnitures:recipes/acacia/acacia_glass_desk_right": {
    "criteria": {
      "has_planks": "2024-09-07 22:37:48 -0600"
    },
    "done": true
  },
  "mcwfurnitures:recipes/acacia/acacia_nightstand_3": {
    "criteria": {
      "has_planks": "2024-09-07 22:37:48 -0600"
    },
    "done": true
  },
  "lootr:root": {
    "criteria": {
      "always_true": "2024-09-07 22:00:30 -0600"
    },
    "done": true
  },
  "mcwfurnitures:recipes/acacia/acacia_nightstand_4": {
    "criteria": {
      "has_planks": "2024-09-07 22:37:48 -0600"
    },
    "done": true
  },
  "mcwfurnitures:recipes/acacia/acacia_nightstand_2": {
    "criteria": {
      "has_planks": "2024-09-07 22:37:48 -0600"
    },
    "done": true
  },
  "mcwfurnitures:recipes/acacia/acacia_dresser_box": {
    "criteria": {
      "has_planks": "2024-09-07 22:37:48 -0600"
    },
    "done": true
  },
  "mcwfurnitures:recipes/acacia/acacia_nightstand_8": {
    "criteria": {
      "has_planks": "2024-09-07 22:37:48 -0600"
    },
    "done": true
  },
  "mca:recipes/building_blocks/rose_gold_block": {
    "criteria": {
      "has_item": "2024-09-07 22:00:30 -0600"
    },
    "done": true
  },
  "mcwfurnitures:recipes/acacia/acacia_nightstand_5": {
    "criteria": {
      "has_planks": "2024-09-07 22:37:48 -0600"
    },
    "done": true
  },
  "minecraft:recipes/decorations/diorite_wall": {
    "criteria": {
      "has_diorite": "2024-09-07 22:40:12 -0600"
    },
    "done": true
  },
  "mcwfurnitures:recipes/acacia/acacia_nightstand_6": {
    "criteria": {
      "has_planks": "2024-09-07 22:37:48 -0600"
    },
    "done": true
  },
  "slimier-slimes:recipes/misc/pink_dye": {
    "criteria": {
      "has_jelly": "2024-09-07 22:53:27 -0600"
    },
    "done": true
  },
  "mcwfurnitures:recipes/acacia/acacia_nightstand_9": {
    "criteria": {
      "has_planks": "2024-09-07 22:37:48 -0600"
    },
    "done": true
  },
  "farmersdelight:recipes/farmersdelight/melon_juice": {
    "criteria": {
      "has_melon_slice": "2024-09-07 22:22:22 -0600"
    },
    "done": true
  },
  "farmersdelight:recipes/farmersdelight/flint_knife": {
    "criteria": {
      "has_stick": "2024-09-07 22:38:35 -0600"
    },
    "done": true
  },
  "minecraft:recipes/building_blocks/stone": {
    "criteria": {
      "has_cobblestone": "2024-09-07 22:45:32 -0600"
    },
    "done": true
  },
  "minecraft:recipes/building_blocks/polished_andesite": {
    "criteria": {
      "has_stone": "2024-09-07 22:39:09 -0600"
    },
    "done": true
  },
  "biomesoplenty:recipes/transportation/hellbark_boat": {
    "criteria": {
      "in_water": "2024-09-07 22:22:30 -0600"
    },
    "done": true
  },
  "enigmaticlegacy:book/accessories/ender_ring": {
    "criteria": {
      "is_cursed_one": "2024-09-07 22:19:34 -0600"
    },
    "done": true
  },
  "slimier-slimes:recipes/misc/purple_dye": {
    "criteria": {
      "has_jelly": "2024-09-07 22:53:27 -0600"
    },
    "done": true
  },
  "minecraft:adventure/adventuring_time": {
    "criteria": {
      "minecraft:deep_lukewarm_ocean": "2024-09-07 22:00:30 -0600",
      "minecraft:savanna": "2024-09-07 22:18:02 -0600"
    },
    "done": false
  },
  "minecraft:recipes/misc/book": {
    "criteria": {
      "has_paper": "2024-09-07 22:45:46 -0600"
    },
    "done": true
  },
  "mcwfurnitures:recipes/acacia/acacia_cupboard_9": {
    "criteria": {
      "has_planks": "2024-09-07 22:37:48 -0600"
    },
    "done": true
  },
  "mcwfurnitures:recipes/acacia/acacia_cupboard_8": {
    "criteria": {
      "has_planks": "2024-09-07 22:37:48 -0600"
    },
    "done": true
  },
  "undergarden:recipes/undergarden_group/grongle_boat": {
    "criteria": {
      "in_water": "2024-09-07 22:22:30 -0600"
    },
    "done": true
  },
  "mcwfurnitures:recipes/acacia/acacia_cupboard_7": {
    "criteria": {
      "has_planks": "2024-09-07 22:37:48 -0600"
    },
    "done": true
  },
  "mcwfurnitures:recipes/acacia/acacia_cupboard_6": {
    "criteria": {
      "has_planks": "2024-09-07 22:37:48 -0600"
    },
    "done": true
  },
  "syp:recipes/misc/pet_bandage": {
    "criteria": {
      "has_paper": "2024-09-07 22:45:46 -0600"
    },
    "done": true
  },
  "mcwfurnitures:recipes/acacia/acacia_cupboard_5": {
    "criteria": {
      "has_planks": "2024-09-07 22:37:48 -0600"
    },
    "done": true
  },
  "minecraft:recipes/combat/stone_sword": {
    "criteria": {
      "has_cobblestone": "2024-09-07 22:45:32 -0600"
    },
    "done": true
  },
  "minecraft:recipes/decorations/barrel": {
    "criteria": {
      "has_planks": "2024-09-07 22:38:22 -0600"
    },
    "done": true
  },
  "minecraft:recipes/decorations/cobblestone_wall": {
    "criteria": {
      "has_cobblestone": "2024-09-07 22:45:32 -0600"
    },
    "done": true
  },
  "minecraft:recipes/tools/stone_pickaxe": {
    "criteria": {
      "has_cobblestone": "2024-09-07 22:45:32 -0600"
    },
    "done": true
  },
  "minecraft:recipes/misc/iron_ingot_from_nuggets": {
    "criteria": {
      "has_iron_nugget": "2024-09-07 22:45:46 -0600"
    },
    "done": true
  },
  "betteranimalsplus:root": {
    "criteria": {
      "tick": "2024-09-07 22:00:30 -0600"
    },
    "done": true
  },
  "enigmaticlegacy:recipes/generic/avarice_scroll": {
    "criteria": {
      "has_parent_recipe": "2024-09-07 22:45:46 -0600",
      "is_cursed_one": "2024-09-07 22:19:34 -0600"
    },
    "done": false
  },
  "slimier-slimes:recipes/misc/magenta_dye": {
    "criteria": {
      "has_jelly": "2024-09-07 22:53:27 -0600"
    },
    "done": true
  },
  "mca:recipes/misc/staff_of_life": {
    "criteria": {
      "has_item": "2024-09-07 22:00:29 -0600"
    },
    "done": true
  },
  "minecraft:recipes/transportation/jungle_boat": {
    "criteria": {
      "in_water": "2024-09-07 22:22:30 -0600"
    },
    "done": true
  },
  "slimier-slimes:recipes/misc/black_dye": {
    "criteria": {
      "has_jelly": "2024-09-07 22:53:27 -0600"
    },
    "done": true
  },
  "mcwfurnitures:recipes/acacia/acacia_nightstand_10": {
    "criteria": {
      "has_planks": "2024-09-07 22:37:48 -0600"
    },
    "done": true
  },
  "minecraft:recipes/decorations/cobblestone_wall_from_cobblestone_stonecutting": {
    "criteria": {
      "has_cobblestone": "2024-09-07 22:45:32 -0600"
    },
    "done": true
  },
  "mcwfurnitures:recipes/acacia/acacia_nightstand_11": {
    "criteria": {
      "has_planks": "2024-09-07 22:37:48 -0600"
    },
    "done": true
  },
  "minecraft:recipes/transportation/dark_oak_boat": {
    "criteria": {
      "in_water": "2024-09-07 22:22:30 -0600"
    },
    "done": true
  },
  "enigmaticlegacy:recipes/generic/cursed_scroll": {
    "criteria": {
      "has_parent_recipe": "2024-09-07 22:45:46 -0600",
      "is_cursed_one": "2024-09-07 22:19:34 -0600"
    },
    "done": false
  },
  "minecraft:recipes/decorations/andesite_wall_from_andesite_stonecutting": {
    "criteria": {
      "has_andesite": "2024-09-07 22:39:09 -0600"
    },
    "done": true
  },
  "sophisticatedbackpacks:recipes/sophisticatedbackpacks/auto_smoking_upgrade_from_auto_smelting_upgrade": {
    "criteria": {
      "has_auto_smelting_upgrade": "2024-09-07 22:00:29 -0600"
    },
    "done": true
  },
  "minecraft:recipes/decorations/acacia_sign": {
    "criteria": {
      "has_acacia_planks": "2024-09-07 22:38:22 -0600"
    },
    "done": true
  },
  "dungeons_arise:wda_root": {
    "criteria": {
      "WDA": "2024-09-07 22:00:30 -0600"
    },
    "done": true
  },
  "xreliquary:recipes/xreliquary/mob_charm_belt": {
    "criteria": {
      "has_mob_charm_fragment": "2024-09-07 22:53:26 -0600"
    },
    "done": true
  },
  "astikorcarts:recipes/wheel": {
    "criteria": {
      "has_planks": "2024-09-07 22:38:22 -0600"
    },
    "done": true
  },
  "mcwlights:recipes/lava_lamp": {
    "criteria": {
      "has_planks": "2024-09-07 22:00:29 -0600"
    },
    "done": true
  },
  "sophisticatedbackpacks:recipes/sophisticatedbackpacks/auto_blasting_upgrade": {
    "criteria": {
      "has_blasting_upgrade": "2024-09-07 22:00:29 -0600"
    },
    "done": true
  },
  "minecraft:recipes/decorations/lantern": {
    "criteria": {
      "has_iron_nugget": "2024-09-07 22:45:46 -0600"
    },
    "done": true
  },
  "biomesoplenty:recipes/transportation/jacaranda_boat": {
    "criteria": {
      "in_water": "2024-09-07 22:22:30 -0600"
    },
    "done": true
  },
  "mcwlights:recipes/garden_light": {
    "criteria": {
      "has_planks": "2024-09-07 22:00:30 -0600"
    },
    "done": true
  },
  "betteranimalsplus:bad_fox": {
    "criteria": {
      "no_bam": "2024-09-07 22:03:36 -0600"
    },
    "done": false
  },
  "mcwbridges:recipes/acacia_bridge_pier": {
    "criteria": {
      "has_planks": "2024-09-07 22:37:48 -0600"
    },
    "done": true
  },
  "minecraft:recipes/building_blocks/polished_diorite": {
    "criteria": {
      "has_stone": "2024-09-07 22:40:12 -0600"
    },
    "done": true
  },
  "mcwfurnitures:recipes/acacia/acacia_plant_pot_left": {
    "criteria": {
      "has_planks": "2024-09-07 22:37:48 -0600"
    },
    "done": true
  },
  "mca:recipes/misc/blueprint": {
    "criteria": {
      "has_item": "2024-09-07 22:00:29 -0600"
    },
    "done": true
  },
  "enigmaticlegacy:recipes/generic/enchanter_pearl": {
    "criteria": {
      "is_cursed_one": "2024-09-07 22:19:34 -0600"
    },
    "done": false
  },
  "mcwfurnitures:recipes/acacia/acacia_desk_left": {
    "criteria": {
      "has_planks": "2024-09-07 22:37:48 -0600"
    },
    "done": true
  },
  "minecraft:recipes/decorations/andesite_wall": {
    "criteria": {
      "has_andesite": "2024-09-07 22:39:09 -0600"
    },
    "done": true
  },
  "enigmaticlegacy:main/root": {
    "criteria": {
      "flower": "2024-09-07 22:00:30 -0600"
    },
    "done": true
  },
  "minecraft:recipes/building_blocks/andesite_slab": {
    "criteria": {
      "has_andesite": "2024-09-07 22:39:09 -0600"
    },
    "done": true
  },
  "minecraft:recipes/building_blocks/acacia_stairs": {
    "criteria": {
      "has_planks": "2024-09-07 22:38:22 -0600"
    },
    "done": true
  },
  "minecraft:recipes/decorations/soul_campfire": {
    "criteria": {
      "has_stick": "2024-09-07 22:38:35 -0600"
    },
    "done": true
  },
  "slimier-slimes:recipes/slimier-slimes/white_slime_ball": {
    "criteria": {
      "has_jelly": "2024-09-07 22:53:27 -0600"
    },
    "done": true
  },
  "minecraft:recipes/building_blocks/melon": {
    "criteria": {
      "has_melon": "2024-09-07 22:22:22 -0600"
    },
    "done": true
  },
  "minecraft:recipes/tools/stone_axe": {
    "criteria": {
      "has_cobblestone": "2024-09-07 22:45:32 -0600"
    },
    "done": true
  },
  "farlanders:root": {
    "criteria": {
      "attack": "2024-09-07 22:26:28 -0600"
    },
    "done": true
  },
  "repurposed_structures:root": {
    "criteria": {
      "always": "2024-09-07 22:00:30 -0600"
    },
    "done": true
  },
  "DataVersion": 2586
}