{
  "minecraft:recipes/tools/fishing_rod": {
    "criteria": {
      "has_string": "2024-09-07 22:29:33 -0600"
    },
    "done": true
  },
  "minecraft:recipes/travelersbackpack/cake_smithing_iron": {
    "criteria": {
      "has_iron_tier_upgrade": "2024-09-07 21:51:18 -0600"
    },
    "done": true
  },
  "minecraft:recipes/decorations/smoker": {
    "criteria": {
      "has_furnace": "2024-09-07 22:17:34 -0600"
    },
    "done": true
  },
  "betteranimalsplus:boar_killed_player": {
    "criteria": {
      "boar_kill": "2024-09-07 22:09:46 -0600"
    },
    "done": true
  },
  "sworddisplay:recipes/sworddisplay/acacia_sword_case": {
    "criteria": {
      "has_core": "2024-09-07 21:20:09 -0600"
    },
    "done": true
  },
  "minecraft:recipes/redstone/lever": {
    "criteria": {
      "has_cobblestone": "2024-09-07 22:14:30 -0600"
    },
    "done": true
  },
  "slimier-slimes:recipes/slimier-slimes/orange_slime_ball": {
    "criteria": {
      "has_jelly": "2024-09-07 22:44:52 -0600"
    },
    "done": true
  },
  "farmersdelight:recipes/farmersdelight/organic_compost_from_rotten_flesh": {
    "criteria": {
      "has_rotten_flesh": "2024-09-07 20:57:36 -0600"
    },
    "done": true
  },
  "minecraft:recipes/redstone/acacia_button": {
    "criteria": {
      "has_planks": "2024-09-07 21:20:09 -0600"
    },
    "done": true
  },
  "enigmaticlegacy:recipes/generic/magnet_ring": {
    "criteria": {
      "has_parent_recipe": "2024-09-07 21:51:18 -0600",
      "has_items": "2024-09-07 23:20:09 -0600"
    },
    "done": true
  },
  "minecraft:recipes/combat/iron_sword": {
    "criteria": {
      "has_iron_ingot": "2024-09-07 21:51:18 -0600"
    },
    "done": true
  },
  "naturescompass:natures_compass": {
    "criteria": {
      "has_recipe": "2024-09-07 21:19:44 -0600"
    },
    "done": true
  },
  "mcwfurnitures:recipes/acacia/acacia_modern_desk_left": {
    "criteria": {
      "has_planks": "2024-09-07 21:19:44 -0600"
    },
    "done": true
  },
  "minecraft:recipes/building_blocks/lime_concrete_powder": {
    "criteria": {
      "has_sand": "2024-09-07 21:33:14 -0600"
    },
    "done": true
  },
  "minecraft:recipes/building_blocks/chiseled_stone_bricks": {
    "criteria": {
      "has_stone_bricks": "2024-08-29 16:19:56 -0600"
    },
    "done": true
  },
  "minecraft:recipes/tools/iron_pickaxe": {
    "criteria": {
      "has_iron_ingot": "2024-09-07 21:51:18 -0600"
    },
    "done": true
  },
  "minecraft:recipes/building_blocks/yellow_concrete_powder": {
    "criteria": {
      "has_sand": "2024-09-07 21:33:14 -0600"
    },
    "done": true
  },
  "minecraft:recipes/decorations/crafting_table": {
    "criteria": {
      "has_planks": "2024-09-07 21:20:09 -0600"
    },
    "done": true
  },
  "undergarden:recipes/decorations/smogstem_torch_ditchbulb": {
    "criteria": {
      "has_stick": "2024-09-07 21:21:26 -0600"
    },
    "done": true
  },
  "relics:obtain/root": {
    "criteria": {
      "obtain_relic": "2024-09-07 21:51:18 -0600"
    },
    "done": true
  },
  "enigmaticlegacy:recipes/generic/the_acknowledgment": {
    "criteria": {
      "has_iron_ingot": "2024-08-27 21:19:07 -0600"
    },
    "done": true
  },
  "minecraft:recipes/misc/melon_seeds": {
    "criteria": {
      "has_melon": "2024-09-07 20:54:39 -0600"
    },
    "done": true
  },
  "minecraft:recipes/decorations/ladder": {
    "criteria": {
      "has_stick": "2024-09-07 21:21:26 -0600"
    },
    "done": true
  },
  "minecraft:recipes/misc/map": {
    "criteria": {
      "has_compass": "2024-09-07 22:24:56 -0600"
    },
    "done": true
  },
  "farmersdelight:recipes/farmersdelight/pie_crust": {
    "criteria": {
      "has_wheat": "2024-09-07 20:49:50 -0600"
    },
    "done": true
  },
  "minecraft:recipes/building_blocks/dark_oak_slab": {
    "criteria": {
      "has_planks": "2024-09-07 21:53:46 -0600"
    },
    "done": true
  },
  "minecraft:recipes/decorations/chest": {
    "criteria": {
      "has_lots_of_items": "2024-08-29 23:11:11 -0600"
    },
    "done": true
  },
  "minecraft:recipes/tools/wooden_shovel": {
    "criteria": {
      "has_stick": "2024-09-07 21:21:26 -0600"
    },
    "done": true
  },
  "wyrmroost:recipes/wyrmroost/cooked_lowtier_meat_from_smelting": {
    "criteria": {
      "has_raw_lowtier_meat": "2024-09-01 22:24:04 -0600"
    },
    "done": true
  },
  "minecraft:recipes/decorations/torch": {
    "criteria": {
      "has_the_recipe": "2024-09-07 22:31:55 -0600"
    },
    "done": true
  },
  "minecraft:recipes/misc/gold_ingot_from_blasting": {
    "criteria": {
      "has_gold_ore": "2024-09-07 23:32:40 -0600"
    },
    "done": true
  },
  "minecraft:recipes/redstone/dark_oak_button": {
    "criteria": {
      "has_planks": "2024-09-07 21:53:46 -0600"
    },
    "done": true
  },
  "undergarden:recipes/undergarden_group/catalyst": {
    "criteria": {
      "has_iron": "2024-09-07 21:51:18 -0600"
    },
    "done": true
  },
  "minecraft:recipes/tools/shears": {
    "criteria": {
      "has_iron_ingot": "2024-09-07 21:51:18 -0600"
    },
    "done": true
  },
  "wyrmroost:recipes/wyrmroost/jewelled_apple": {
    "criteria": {
      "has_geode": "2024-09-07 23:33:37 -0600"
    },
    "done": true
  },
  "mcwfurnitures:recipes/acacia/acacia_modern_desk_right": {
    "criteria": {
      "has_planks": "2024-09-07 21:19:44 -0600"
    },
    "done": true
  },
  "minecraft:recipes/misc/stick": {
    "criteria": {
      "has_planks": "2024-09-07 21:20:09 -0600"
    },
    "done": true
  },
  "minecraft:recipes/travelersbackpack/villager_smithing_iron": {
    "criteria": {
      "has_iron_tier_upgrade": "2024-09-07 21:51:18 -0600"
    },
    "done": true
  },
  "lootr:1chest": {
    "criteria": {
      "opened_chest": "2024-09-07 20:40:26 -0600"
    },
    "done": true
  },
  "minecraft:recipes/misc/iron_ingot_from_blasting": {
    "criteria": {
      "has_iron_ore": "2024-09-07 22:16:00 -0600"
    },
    "done": true
  },
  "mcwfurnitures:recipes/acacia/acacia_striped_chair": {
    "criteria": {
      "has_planks": "2024-09-07 21:19:44 -0600"
    },
    "done": true
  },
  "minecraft:recipes/building_blocks/smooth_sandstone_stairs_from_smooth_sandstone_stonecutting": {
    "criteria": {
      "has_mossy_cobblestone": "2024-09-07 22:34:01 -0600"
    },
    "done": true
  },
  "mcwfurnitures:recipes/acacia/acacia_dresser": {
    "criteria": {
      "has_planks": "2024-09-07 21:19:44 -0600"
    },
    "done": true
  },
  "mcwfurnitures:recipes/acacia/acacia_covered_desk_right": {
    "criteria": {
      "has_planks": "2024-09-07 21:19:44 -0600"
    },
    "done": true
  },
  "mcwfurnitures:recipes/jungle/jungle_striped_chair": {
    "criteria": {
      "has_planks": "2024-09-07 21:25:55 -0600"
    },
    "done": true
  },
  "charginggadgets:recipes/charginggadgets/charging_station": {
    "criteria": {
      "has_diamonds": "2024-09-07 23:20:09 -0600"
    },
    "done": true
  },
  "minecraft:recipes/building_blocks/emerald_block": {
    "criteria": {
      "has_emerald": "2024-09-07 21:38:13 -0600"
    },
    "done": true
  },
  "minecraft:recipes/travelersbackpack/melon_smithing_iron": {
    "criteria": {
      "has_iron_tier_upgrade": "2024-09-07 21:51:18 -0600"
    },
    "done": true
  },
  "minecraft:recipes/travelersbackpack/redstone_smithing_iron": {
    "criteria": {
      "has_iron_tier_upgrade": "2024-09-07 21:51:18 -0600"
    },
    "done": true
  },
  "minecraft:recipes/combat/iron_leggings": {
    "criteria": {
      "has_iron_ingot": "2024-09-07 21:51:18 -0600"
    },
    "done": true
  },
  "minecraft:recipes/redstone/dark_oak_door": {
    "criteria": {
      "has_planks": "2024-09-07 21:53:46 -0600"
    },
    "done": true
  },
  "minecraft:recipes/building_blocks/sandstone_stairs": {
    "criteria": {
      "has_cut_sandstone": "2024-09-07 22:32:03 -0600"
    },
    "done": true
  },
  "undergarden:recipes/undergarden_group/shard_torch": {
    "criteria": {
      "has_stick": "2024-09-07 21:21:26 -0600"
    },
    "done": true
  },
  "forbidden_arcanus:recipes/forbidden_arcanus/stone_blacksmith_gavel": {
    "criteria": {
      "has_item": "2024-09-07 22:14:30 -0600"
    },
    "done": true
  },
  "minecraft:recipes/travelersbackpack/enderman_smithing_iron": {
    "criteria": {
      "has_iron_tier_upgrade": "2024-09-07 21:51:18 -0600"
    },
    "done": true
  },
  "minecraft:recipes/brewing/golden_carrot": {
    "criteria": {
      "has_gold_nugget": "2024-09-07 21:58:09 -0600"
    },
    "done": true
  },
  "minecraft:recipes/combat/shield": {
    "criteria": {
      "has_iron_ingot": "2024-09-07 21:51:18 -0600"
    },
    "done": true
  },
  "minecraft:recipes/building_blocks/cobblestone_slab": {
    "criteria": {
      "has_cobblestone": "2024-09-07 22:14:30 -0600"
    },
    "done": true
  },
  "minecraft:recipes/redstone/hopper": {
    "criteria": {
      "has_iron_ingot": "2024-09-07 21:51:18 -0600"
    },
    "done": true
  },
  "ironchest:recipes/ironchest/chests/diamond_obsidian_chest": {
    "criteria": {
      "has_obsidian": "2024-08-29 17:31:29 -0600"
    },
    "done": true
  },
  "forbidden_arcanus:recipes/forbidden_arcanus/obsidian_skull": {
    "criteria": {
      "has_item": "2024-08-29 17:31:29 -0600"
    },
    "done": true
  },
  "mcwfurnitures:recipes/acacia/acacia_plate": {
    "criteria": {
      "has_planks": "2024-09-07 21:19:44 -0600"
    },
    "done": true
  },
  "mcwbridges:recipes/iron_bridge": {
    "criteria": {
      "has_planks": "2024-09-07 21:51:18 -0600"
    },
    "done": true
  },
  "naturescompass:natures_compass_sapling": {
    "criteria": {
      "has_recipe": "2024-09-07 21:19:44 -0600"
    },
    "done": true
  },
  "slimier-slimes:recipes/misc/cyan_dye": {
    "criteria": {
      "has_jelly": "2024-09-07 22:44:52 -0600"
    },
    "done": true
  },
  "slimier-slimes:recipes/misc/red_dye": {
    "criteria": {
      "has_jelly": "2024-09-07 22:44:52 -0600"
    },
    "done": true
  },
  "wyrmroost:recipes/wyrmroost/blue_geode_sword": {
    "criteria": {
      "has_material": "2024-09-07 23:33:37 -0600"
    },
    "done": true
  },
  "slimier-slimes:recipes/slimier-slimes/purple_slime_ball": {
    "criteria": {
      "has_jelly": "2024-09-07 22:44:52 -0600"
    },
    "done": true
  },
  "minecraft:recipes/building_blocks/light_gray_concrete_powder": {
    "criteria": {
      "has_sand": "2024-09-07 21:33:14 -0600"
    },
    "done": true
  },
  "minecraft:recipes/travelersbackpack/end_smithing_iron": {
    "criteria": {
      "has_iron_tier_upgrade": "2024-09-07 21:51:18 -0600"
    },
    "done": true
  },
  "biomesoplenty:recipes/transportation/cherry_boat": {
    "criteria": {
      "in_water": "2024-08-28 19:56:14 -0600"
    },
    "done": true
  },
  "dungeons_enhanced:ambitious_explorer": {
    "criteria": {
      "entered_hay_storage": "2024-09-07 20:51:04 -0600",
      "entered_desert_tomb": "2024-09-07 22:31:27 -0600"
    },
    "done": false
  },
  "biomesoplenty:recipes/transportation/fir_boat": {
    "criteria": {
      "in_water": "2024-08-28 19:56:14 -0600"
    },
    "done": true
  },
  "minecraft:recipes/travelersbackpack/sandstone_smithing_iron": {
    "criteria": {
      "has_iron_tier_upgrade": "2024-09-07 21:51:18 -0600"
    },
    "done": true
  },
  "minecraft:recipes/building_blocks/pink_concrete_powder": {
    "criteria": {
      "has_sand": "2024-09-07 21:33:14 -0600"
    },
    "done": true
  },
  "sophisticatedbackpacks:recipes/sophisticatedbackpacks/blasting_upgrade": {
    "criteria": {
      "has_upgrade_base": "2024-08-27 21:19:07 -0600"
    },
    "done": true
  },
  "minecraft:recipes/building_blocks/sandstone_slab": {
    "criteria": {
      "has_sandstone": "2024-09-07 22:38:47 -0600"
    },
    "done": true
  },
  "enigmaticlegacy:recipes/generic/redstonelamps": {
    "criteria": {
      "has_core_block": "2024-09-05 19:19:18 -0600"
    },
    "done": false
  },
  "sophisticatedbackpacks:recipes/sophisticatedbackpacks/auto_smoking_upgrade": {
    "criteria": {
      "has_smoking_upgrade": "2024-08-27 21:19:07 -0600"
    },
    "done": true
  },
  "minecraft:recipes/decorations/acacia_fence": {
    "criteria": {
      "has_planks": "2024-09-07 21:20:09 -0600"
    },
    "done": true
  },
  "minecraft:recipes/building_blocks/andesite_stairs_from_andesite_stonecutting": {
    "criteria": {
      "has_andesite": "2024-09-05 19:17:08 -0600"
    },
    "done": true
  },
  "minecraft:recipes/decorations/iron_bars": {
    "criteria": {
      "has_iron_ingot": "2024-09-07 21:51:18 -0600"
    },
    "done": true
  },
  "wyrmroost:recipes/wyrmroost/blue_geode_helmet": {
    "criteria": {
      "has_material": "2024-09-07 23:33:37 -0600"
    },
    "done": true
  },
  "mcwfurnitures:recipes/jungle/jungle_modern_desk_left": {
    "criteria": {
      "has_planks": "2024-09-07 21:25:55 -0600"
    },
    "done": true
  },
  "adventurepack:mining_helmet": {
    "criteria": {
      "has_iron": "2024-09-07 21:51:18 -0600"
    },
    "done": true
  },
  "mcwfurnitures:recipes/jungle/jungle_dresser_6": {
    "criteria": {
      "has_planks": "2024-09-07 21:25:55 -0600"
    },
    "done": true
  },
  "mcwfurnitures:recipes/jungle/jungle_dresser_5": {
    "criteria": {
      "has_planks": "2024-09-07 21:25:55 -0600"
    },
    "done": true
  },
  "mcwfurnitures:recipes/jungle/jungle_dresser_4": {
    "criteria": {
      "has_planks": "2024-09-07 21:25:55 -0600"
    },
    "done": true
  },
  "mcwfurnitures:recipes/jungle/jungle_dresser_3": {
    "criteria": {
      "has_planks": "2024-09-07 21:25:55 -0600"
    },
    "done": true
  },
  "biomesoplenty:biomesoplenty/all_biomes": {
    "criteria": {
      "scrubland": "2024-09-07 22:03:52 -0600",
      "rainforest_floodplain": "2024-09-07 21:36:53 -0600",
      "dryland": "2024-09-01 22:10:26 -0600",
      "dry_boneyard": "2024-09-07 21:28:13 -0600",
      "rainforest_cliffs": "2024-09-07 22:57:47 -0600"
    },
    "done": false
  },
  "enigmaticlegacy:book/accessories/iron_ring": {
    "criteria": {
      "has_the_recipe": "2024-09-07 21:51:18 -0600"
    },
    "done": true
  },
  "minecraft:recipes/decorations/gray_stained_glass_pane": {
    "criteria": {
      "has_glass": "2024-09-05 19:19:15 -0600"
    },
    "done": true
  },
  "minecraft:recipes/combat/diamond_leggings": {
    "criteria": {
      "has_diamond": "2024-09-07 23:20:09 -0600"
    },
    "done": true
  },
  "minecraft:adventure/sleep_in_bed": {
    "criteria": {
      "slept_in_bed": "2024-09-07 20:40:28 -0600"
    },
    "done": true
  },
  "minecraft:recipes/building_blocks/sandstone": {
    "criteria": {
      "has_sand": "2024-09-07 21:33:14 -0600"
    },
    "done": true
  },
  "sophisticatedbackpacks:recipes/sophisticatedbackpacks/smoking_upgrade_from_smelting_upgrade": {
    "criteria": {
      "has_smelting_upgrade": "2024-08-27 21:19:07 -0600"
    },
    "done": true
  },
  "minecraft:recipes/building_blocks/cobblestone_slab_from_cobblestone_stonecutting": {
    "criteria": {
      "has_cobblestone": "2024-09-07 22:14:30 -0600"
    },
    "done": true
  },
  "minecraft:recipes/building_blocks/oak_stairs": {
    "criteria": {
      "has_planks": "2024-09-07 22:28:53 -0600"
    },
    "done": true
  },
  "minecraft:recipes/building_blocks/polished_andesite_slab_from_andesite_stonecutting": {
    "criteria": {
      "has_andesite": "2024-09-05 19:17:08 -0600"
    },
    "done": true
  },
  "mcwfurnitures:recipes/jungle/jungle_dresser_9": {
    "criteria": {
      "has_planks": "2024-09-07 21:25:55 -0600"
    },
    "done": true
  },
  "mcwfurnitures:recipes/jungle/jungle_dresser_7": {
    "criteria": {
      "has_planks": "2024-09-07 21:25:55 -0600"
    },
    "done": true
  },
  "minecraft:recipes/transportation/acacia_boat": {
    "criteria": {
      "in_water": "2024-08-28 19:56:14 -0600"
    },
    "done": true
  },
  "minecraft:recipes/redstone/iron_trapdoor": {
    "criteria": {
      "has_iron_ingot": "2024-09-07 21:51:18 -0600"
    },
    "done": true
  },
  "farmersdelight:recipes/farmersdelight/cutting_board": {
    "criteria": {
      "has_stick": "2024-09-07 21:21:26 -0600"
    },
    "done": true
  },
  "wyrmroost:recipes/wyrmroost/platinum_ingot_from_blasting": {
    "criteria": {
      "has_platinum_ore": "2024-09-07 23:19:49 -0600"
    },
    "done": true
  },
  "slimier-slimes:recipes/misc/blue_dye": {
    "criteria": {
      "has_jelly": "2024-09-07 22:44:52 -0600"
    },
    "done": true
  },
  "sophisticatedbackpacks:recipes/sophisticatedbackpacks/auto_blasting_upgrade_from_auto_smelting_upgrade": {
    "criteria": {
      "has_auto_smelting_upgrade": "2024-08-27 21:19:07 -0600"
    },
    "done": true
  },
  "minecraft:adventure/root": {
    "criteria": {
      "killed_something": "2024-09-01 22:23:45 -0600"
    },
    "done": true
  },
  "xreliquary:recipes/misc/uncrafting/gunpowder_creeper_gland": {
    "criteria": {
      "has_catalyzing_gland": "2024-09-10 18:20:54 -0600"
    },
    "done": true
  },
  "lootr:social": {
    "criteria": {
      "opened_chest": "2024-09-07 20:40:26 -0600"
    },
    "done": false
  },
  "minecraft:recipes/building_blocks/white_concrete_powder": {
    "criteria": {
      "has_sand": "2024-09-07 21:33:14 -0600"
    },
    "done": true
  },
  "minecraft:recipes/building_blocks/white_wool_from_string": {
    "criteria": {
      "has_string": "2024-09-07 22:29:33 -0600"
    },
    "done": true
  },
  "mcwbridges:recipes/sandstone_bridge_pier": {
    "criteria": {
      "has_planks": "2024-09-07 22:38:47 -0600"
    },
    "done": true
  },
  "minecraft:recipes/tools/diamond_pickaxe": {
    "criteria": {
      "has_diamond": "2024-09-07 23:20:09 -0600"
    },
    "done": true
  },
  "minecraft:recipes/travelersbackpack/ocelot_smithing_iron": {
    "criteria": {
      "has_iron_tier_upgrade": "2024-09-07 21:51:18 -0600"
    },
    "done": true
  },
  "enigmaticlegacy:recipes/generic/dark_mirror": {
    "criteria": {
      "is_cursed_one": "2024-09-07 21:51:38 -0600"
    },
    "done": false
  },
  "farmersdelight:recipes/farmersdelight/melon_popsicle": {
    "criteria": {
      "has_melon": "2024-09-07 20:54:39 -0600"
    },
    "done": true
  },
  "minecraft:adventure/kill_all_mobs": {
    "criteria": {
      "minecraft:creeper": "2024-09-10 18:20:52 -0600",
      "minecraft:husk": "2024-09-07 22:38:02 -0600",
      "minecraft:zombie": "2024-09-07 20:57:35 -0600"
    },
    "done": false
  },
  "paraglider:recipes/paraglider/cosmetic/deku_leaf": {
    "criteria": {
      "has_paragliders": "2024-09-07 21:38:13 -0600"
    },
    "done": true
  },
  "sworddisplay:recipes/sworddisplay/wooden_sword_case": {
    "criteria": {
      "has_core": "2024-09-07 22:28:53 -0600"
    },
    "done": true
  },
  "mcwfurnitures:recipes/jungle/jungle_modern_desk_right": {
    "criteria": {
      "has_planks": "2024-09-07 21:25:55 -0600"
    },
    "done": true
  },
  "farmersdelight:recipes/farmersdelight/cooking_pot": {
    "criteria": {
      "has_iron_ingot": "2024-09-07 21:51:18 -0600"
    },
    "done": true
  },
  "minecraft:recipes/redstone/redstone_block": {
    "criteria": {
      "has_redstone": "2024-09-07 23:19:49 -0600"
    },
    "done": true
  },
  "minecraft:recipes/decorations/stone_brick_wall": {
    "criteria": {
      "has_stone_bricks": "2024-08-29 16:19:56 -0600"
    },
    "done": true
  },
  "minecraft:recipes/brewing/glistering_melon_slice": {
    "criteria": {
      "has_melon": "2024-09-07 20:54:39 -0600"
    },
    "done": true
  },
  "sworddisplay:recipes/sworddisplay/dark_oak_sword_case": {
    "criteria": {
      "has_core": "2024-09-07 21:53:46 -0600"
    },
    "done": true
  },
  "minecraft:recipes/redstone/dark_oak_fence_gate": {
    "criteria": {
      "has_planks": "2024-09-07 21:53:46 -0600"
    },
    "done": true
  },
  "minecraft:recipes/travelersbackpack/chicken_smithing_iron": {
    "criteria": {
      "has_iron_tier_upgrade": "2024-09-07 21:51:18 -0600"
    },
    "done": true
  },
  "minecraft:recipes/misc/iron_nugget_from_smelting": {
    "criteria": {
      "has_iron_pickaxe": "2024-09-07 22:15:50 -0600"
    },
    "done": true
  },
  "wyrmroost:recipes/wyrmroost/blue_geode_block": {
    "criteria": {
      "has_blue_geode": "2024-09-07 23:33:37 -0600"
    },
    "done": true
  },
  "mca:recipes/misc/family_tree": {
    "criteria": {
      "has_item": "2024-08-27 21:19:07 -0600"
    },
    "done": true
  },
  "mca:root": {
    "criteria": {
      "village_taiga": "2024-08-27 21:19:07 -0600",
      "village_savanna": "2024-08-27 21:19:07 -0600",
      "village_snowy": "2024-08-27 21:19:07 -0600",
      "village_desert": "2024-08-27 21:19:07 -0600",
      "village_plains": "2024-08-27 21:19:07 -0600"
    },
    "done": true
  },
  "minecraft:recipes/travelersbackpack/gold_smithing_iron": {
    "criteria": {
      "has_iron_tier_upgrade": "2024-09-07 21:51:18 -0600"
    },
    "done": true
  },
  "minecraft:recipes/decorations/granite_wall_from_granite_stonecutting": {
    "criteria": {
      "has_granite": "2024-09-07 23:56:38 -0600"
    },
    "done": true
  },
  "mcwfurnitures:recipes/acacia/acacia_pult": {
    "criteria": {
      "has_planks": "2024-09-07 21:19:44 -0600"
    },
    "done": true
  },
  "minecraft:recipes/decorations/chain": {
    "criteria": {
      "has_iron_nugget": "2024-09-07 21:51:18 -0600"
    },
    "done": true
  },
  "sworddisplay:recipes/sworddisplay/acacia_sword_display": {
    "criteria": {
      "has_core": "2024-09-07 21:20:09 -0600"
    },
    "done": true
  },
  "minecraft:recipes/travelersbackpack/nether_smithing_iron": {
    "criteria": {
      "has_iron_tier_upgrade": "2024-09-07 21:51:18 -0600"
    },
    "done": true
  },
  "mcwfurnitures:recipes/acacia/acacia_dresser_12": {
    "criteria": {
      "has_planks": "2024-09-07 21:19:44 -0600"
    },
    "done": true
  },
  "minecraft:recipes/decorations/oak_fence": {
    "criteria": {
      "has_planks": "2024-09-07 22:28:53 -0600"
    },
    "done": true
  },
  "slimier-slimes:recipes/slimier-slimes/yellow_slime_ball": {
    "criteria": {
      "has_jelly": "2024-09-07 22:44:52 -0600"
    },
    "done": true
  },
  "mcwfurnitures:recipes/acacia/acacia_dresser_13": {
    "criteria": {
      "has_planks": "2024-09-07 21:19:44 -0600"
    },
    "done": true
  },
  "mcwfurnitures:recipes/acacia/acacia_dresser_14": {
    "criteria": {
      "has_planks": "2024-09-07 21:19:44 -0600"
    },
    "done": true
  },
  "slimier-slimes:recipes/misc/green_dye": {
    "criteria": {
      "has_jelly": "2024-09-07 22:44:52 -0600"
    },
    "done": true
  },
  "paraglider:root": {
    "criteria": {
      "crafting_table": "2024-09-07 21:21:34 -0600"
    },
    "done": true
  },
  "mcwfurnitures:recipes/acacia/acacia_desk_right": {
    "criteria": {
      "has_planks": "2024-09-07 21:19:44 -0600"
    },
    "done": true
  },
  "mcwfurnitures:recipes/acacia/acacia_dresser_11": {
    "criteria": {
      "has_planks": "2024-09-07 21:19:44 -0600"
    },
    "done": true
  },
  "mcwfurnitures:recipes/jungle/jungle_nightstand": {
    "criteria": {
      "has_planks": "2024-09-07 21:25:55 -0600"
    },
    "done": true
  },
  "minecraft:recipes/building_blocks/orange_concrete_powder": {
    "criteria": {
      "has_sand": "2024-09-07 21:33:14 -0600"
    },
    "done": true
  },
  "minecraft:recipes/food/cooked_porkchop": {
    "criteria": {
      "has_porkchop": "2024-09-07 22:11:57 -0600"
    },
    "done": true
  },
  "minecraft:recipes/food/baked_potato_from_campfire_cooking": {
    "criteria": {
      "has_potato": "2024-09-07 22:38:03 -0600"
    },
    "done": true
  },
  "minecraft:recipes/building_blocks/oak_slab": {
    "criteria": {
      "has_planks": "2024-09-07 22:28:53 -0600"
    },
    "done": true
  },
  "mca:recipes/building_blocks/headstones": {
    "criteria": {
      "has_ingredients": "2024-08-27 21:19:07 -0600"
    },
    "done": true
  },
  "mcwfurnitures:recipes/jungle/jungle_glass_desk_left": {
    "criteria": {
      "has_planks": "2024-09-07 21:25:55 -0600"
    },
    "done": true
  },
  "slimier-slimes:recipes/misc/brown_dye": {
    "criteria": {
      "has_jelly": "2024-09-07 22:44:52 -0600"
    },
    "done": true
  },
  "minecraft:recipes/food/cooked_porkchop_from_campfire_cooking": {
    "criteria": {
      "has_porkchop": "2024-09-07 22:11:57 -0600"
    },
    "done": true
  },
  "wyrmroost:recipes/wyrmroost/platinum_ingot_from_smelting": {
    "criteria": {
      "has_platinum_ore": "2024-09-07 23:19:49 -0600"
    },
    "done": true
  },
  "mcwbridges:recipes/acacia_log_bridge_middle": {
    "criteria": {
      "has_planks": "2024-09-07 21:20:09 -0600"
    },
    "done": true
  },
  "slimier-slimes:recipes/misc/light_blue_dye": {
    "criteria": {
      "has_jelly": "2024-09-07 22:44:52 -0600"
    },
    "done": true
  },
  "xreliquary:recipes/mob_charm": {
    "criteria": {
      "has_mob_charm_fragment": "2024-09-07 22:45:12 -0600"
    },
    "done": true
  },
  "minecraft:recipes/building_blocks/granite_stairs": {
    "criteria": {
      "has_granite": "2024-09-07 23:56:38 -0600"
    },
    "done": true
  },
  "xreliquary:recipes/brewing/uncrafting/ghast_tear": {
    "criteria": {
      "has_catalyzing_gland": "2024-09-10 18:20:54 -0600"
    },
    "done": true
  },
  "minecraft:recipes/travelersbackpack/lapis_smithing_iron": {
    "criteria": {
      "has_iron_tier_upgrade": "2024-09-07 21:51:18 -0600"
    },
    "done": true
  },
  "mcwfurnitures:recipes/acacia/acacia_dresser_9": {
    "criteria": {
      "has_planks": "2024-09-07 21:19:44 -0600"
    },
    "done": true
  },
  "mcwfurnitures:recipes/jungle/jungle_dresser_box": {
    "criteria": {
      "has_planks": "2024-09-07 21:25:55 -0600"
    },
    "done": true
  },
  "dungeons_enhanced:root": {
    "criteria": {
      "entered_hay_storage": "2024-09-07 20:51:04 -0600"
    },
    "done": true
  },
  "biomesoplenty:recipes/transportation/umbran_boat": {
    "criteria": {
      "in_water": "2024-08-28 19:56:14 -0600"
    },
    "done": true
  },
  "mcwfurnitures:recipes/acacia/acacia_dresser_7": {
    "criteria": {
      "has_planks": "2024-09-07 21:19:44 -0600"
    },
    "done": true
  },
  "minecraft:recipes/redstone/acacia_pressure_plate": {
    "criteria": {
      "has_planks": "2024-09-07 21:20:09 -0600"
    },
    "done": true
  },
  "minecraft:recipes/building_blocks/diorite_stairs_from_diorite_stonecutting": {
    "criteria": {
      "has_diorite": "2024-09-07 22:21:42 -0600"
    },
    "done": true
  },
  "mcwfurnitures:recipes/jungle/jungle_pult_2": {
    "criteria": {
      "has_planks": "2024-09-07 21:25:55 -0600"
    },
    "done": true
  },
  "minecraft:recipes/travelersbackpack/iron_smithing_iron": {
    "criteria": {
      "has_iron_tier_upgrade": "2024-09-07 21:51:18 -0600"
    },
    "done": true
  },
  "mcwfurnitures:recipes/jungle/jungle_pult_3": {
    "criteria": {
      "has_planks": "2024-09-07 21:25:55 -0600"
    },
    "done": true
  },
  "mcwfurnitures:recipes/jungle/jungle_pult_4": {
    "criteria": {
      "has_planks": "2024-09-07 21:25:55 -0600"
    },
    "done": true
  },
  "enigmaticlegacy:recipes/generic/gem_ring": {
    "criteria": {
      "has_parent_recipe": "2024-09-07 21:51:18 -0600"
    },
    "done": false
  },
  "slimier-slimes:recipes/misc/lime_dye": {
    "criteria": {
      "has_jelly": "2024-09-07 22:44:52 -0600"
    },
    "done": true
  },
  "mcwfurnitures:recipes/acacia/acacia_furniture_1": {
    "criteria": {
      "has_planks": "2024-09-07 21:19:44 -0600"
    },
    "done": true
  },
  "mcwfurnitures:recipes/acacia/acacia_furniture_2": {
    "criteria": {
      "has_planks": "2024-09-07 21:19:44 -0600"
    },
    "done": true
  },
  "mcwfurnitures:recipes/acacia/acacia_furniture_3": {
    "criteria": {
      "has_planks": "2024-09-07 21:19:44 -0600"
    },
    "done": true
  },
  "minecraft:recipes/building_blocks/iron_block": {
    "criteria": {
      "has_iron_ingot": "2024-09-07 21:51:18 -0600"
    },
    "done": true
  },
  "mca:recipes/misc/rose_gold_ingot_smelting": {
    "criteria": {
      "has_item": "2024-08-27 21:19:07 -0600"
    },
    "done": true
  },
  "mcwfurnitures:recipes/acacia/acacia_furniture_4": {
    "criteria": {
      "has_planks": "2024-09-07 21:19:44 -0600"
    },
    "done": true
  },
  "mcwfurnitures:recipes/jungle/jungle_double_desk_right": {
    "criteria": {
      "has_planks": "2024-09-07 21:25:55 -0600"
    },
    "done": true
  },
  "mcwfurnitures:recipes/acacia/acacia_furniture_6": {
    "criteria": {
      "has_planks": "2024-09-07 21:19:44 -0600"
    },
    "done": true
  },
  "mcwfurnitures:recipes/acacia/acacia_furniture_7": {
    "criteria": {
      "has_planks": "2024-09-07 21:19:44 -0600"
    },
    "done": true
  },
  "mcwfurnitures:recipes/jungle/jungle_pult_1": {
    "criteria": {
      "has_planks": "2024-09-07 21:25:55 -0600"
    },
    "done": true
  },
  "minecraft:recipes/building_blocks/jungle_wood": {
    "criteria": {
      "has_log": "2024-09-07 21:25:55 -0600"
    },
    "done": true
  },
  "minecraft:recipes/building_blocks/acacia_wood": {
    "criteria": {
      "has_log": "2024-09-07 21:19:44 -0600"
    },
    "done": true
  },
  "mcwfurnitures:recipes/acacia/acacia_plant_pot_right": {
    "criteria": {
      "has_planks": "2024-09-07 21:19:44 -0600"
    },
    "done": true
  },
  "mowziesmobs:root": {
    "criteria": {
      "custom_test_name": "2024-08-27 21:19:07 -0600"
    },
    "done": true
  },
  "wyrmroost:recipes/wyrmroost/diamond_dragon_armor": {
    "criteria": {
      "has_diamond": "2024-09-07 23:20:09 -0600"
    },
    "done": true
  },
  "minecraft:recipes/combat/wooden_sword": {
    "criteria": {
      "has_stick": "2024-09-07 21:21:26 -0600"
    },
    "done": true
  },
  "slimier-slimes:recipes/misc/orange_dye": {
    "criteria": {
      "has_jelly": "2024-09-07 22:44:52 -0600"
    },
    "done": true
  },
  "minecraft:recipes/building_blocks/gray_concrete_powder": {
    "criteria": {
      "has_sand": "2024-09-07 21:33:14 -0600"
    },
    "done": true
  },
  "slimier-slimes:recipes/slimier-slimes/gray_slime_ball": {
    "criteria": {
      "has_jelly": "2024-09-07 22:44:52 -0600"
    },
    "done": true
  },
  "mcwbridges:recipes/dark_oak_log_bridge_middle": {
    "criteria": {
      "has_planks": "2024-09-07 21:53:46 -0600"
    },
    "done": true
  },
  "minecraft:recipes/travelersbackpack/sponge_smithing_iron": {
    "criteria": {
      "has_iron_tier_upgrade": "2024-09-07 21:51:18 -0600"
    },
    "done": true
  },
  "minecraft:recipes/tools/iron_axe": {
    "criteria": {
      "has_iron_ingot": "2024-09-07 21:51:18 -0600"
    },
    "done": true
  },
  "mcwfurnitures:recipes/jungle/jungle_cupboard_8": {
    "criteria": {
      "has_planks": "2024-09-07 21:25:55 -0600"
    },
    "done": true
  },
  "mcwfurnitures:recipes/jungle/jungle_cupboard_7": {
    "criteria": {
      "has_planks": "2024-09-07 21:25:55 -0600"
    },
    "done": true
  },
  "minecraft:recipes/travelersbackpack/wither_smithing_iron": {
    "criteria": {
      "has_iron_tier_upgrade": "2024-09-07 21:51:18 -0600"
    },
    "done": true
  },
  "sophisticatedbackpacks:recipes/sophisticatedbackpacks/blasting_upgrade_from_smelting_upgrade": {
    "criteria": {
      "has_smelting_upgrade": "2024-08-27 21:19:07 -0600"
    },
    "done": true
  },
  "mcwfurnitures:recipes/jungle/jungle_cupboard_9": {
    "criteria": {
      "has_planks": "2024-09-07 21:25:55 -0600"
    },
    "done": true
  },
  "mca:recipes/misc/comb": {
    "criteria": {
      "has_item": "2024-08-27 21:19:07 -0600"
    },
    "done": true
  },
  "minecraft:recipes/building_blocks/jungle_planks": {
    "criteria": {
      "has_logs": "2024-09-07 21:25:55 -0600"
    },
    "done": true
  },
  "minecraft:recipes/travelersbackpack/pumpkin_smithing_iron": {
    "criteria": {
      "has_iron_tier_upgrade": "2024-09-07 21:51:18 -0600"
    },
    "done": true
  },
  "mcwfurnitures:recipes/jungle/jungle_cupboard_6": {
    "criteria": {
      "has_planks": "2024-09-07 21:25:55 -0600"
    },
    "done": true
  },
  "mcwfurnitures:recipes/jungle/jungle_cupboard_5": {
    "criteria": {
      "has_planks": "2024-09-07 21:25:55 -0600"
    },
    "done": true
  },
  "minecraft:recipes/redstone/tripwire_hook": {
    "criteria": {
      "has_string": "2024-09-07 22:29:33 -0600"
    },
    "done": true
  },
  "minecraft:recipes/combat/iron_boots": {
    "criteria": {
      "has_iron_ingot": "2024-09-07 21:51:18 -0600"
    },
    "done": true
  },
  "minecraft:recipes/misc/bone_meal": {
    "criteria": {
      "has_bone": "2024-09-07 21:25:07 -0600"
    },
    "done": true
  },
  "mcwfurnitures:recipes/jungle/jungle_double_desk_left": {
    "criteria": {
      "has_planks": "2024-09-07 21:25:55 -0600"
    },
    "done": true
  },
  "minecraft:recipes/building_blocks/black_concrete_powder": {
    "criteria": {
      "has_sand": "2024-09-07 21:33:14 -0600"
    },
    "done": true
  },
  "mcwbridges:recipes/rope_dark_oak_bridge": {
    "criteria": {
      "has_planks": "2024-09-07 21:53:46 -0600"
    },
    "done": true
  },
  "minecraft:story/iron_tools": {
    "criteria": {
      "iron_pickaxe": "2024-09-07 22:15:50 -0600"
    },
    "done": true
  },
  "undergarden:recipes/undergarden_group/smogstem_boat": {
    "criteria": {
      "in_water": "2024-08-28 19:56:14 -0600"
    },
    "done": true
  },
  "minecraft:recipes/building_blocks/sandstone_stairs_from_sandstone_stonecutting": {
    "criteria": {
      "has_sandstone": "2024-09-07 22:38:47 -0600"
    },
    "done": true
  },
  "mcwfurnitures:recipes/acacia/acacia_dresser_5": {
    "criteria": {
      "has_planks": "2024-09-07 21:19:44 -0600"
    },
    "done": true
  },
  "farmersdelight:recipes/farmersdelight/iron_knife": {
    "criteria": {
      "has_iron_ingot": "2024-09-07 21:51:18 -0600"
    },
    "done": true
  },
  "adventurepack:escape_rope": {
    "criteria": {
      "has_iron": "2024-09-07 21:51:18 -0600"
    },
    "done": true
  },
  "mcwfurnitures:recipes/acacia/acacia_dresser_6": {
    "criteria": {
      "has_planks": "2024-09-07 21:19:44 -0600"
    },
    "done": true
  },
  "titles:root": {
    "criteria": {
      "crafting_table": "2024-09-07 21:21:34 -0600"
    },
    "done": true
  },
  "mcwfurnitures:recipes/acacia/acacia_dresser_3": {
    "criteria": {
      "has_planks": "2024-09-07 21:19:44 -0600"
    },
    "done": true
  },
  "mcwfurnitures:recipes/acacia/acacia_dresser_4": {
    "criteria": {
      "has_planks": "2024-09-07 21:19:44 -0600"
    },
    "done": true
  },
  "paraglider:recipes/paraglider/paraglider": {
    "criteria": {
      "has_stick": "2024-09-07 21:21:26 -0600"
    },
    "done": true
  },
  "minecraft:recipes/combat/crossbow": {
    "criteria": {
      "has_stick": "2024-09-07 21:21:26 -0600"
    },
    "done": true
  },
  "minecraft:recipes/combat/iron_chestplate": {
    "criteria": {
      "has_iron_ingot": "2024-09-07 21:51:18 -0600"
    },
    "done": true
  },
  "mcwfurnitures:recipes/acacia/acacia_double_desk_right": {
    "criteria": {
      "has_planks": "2024-09-07 21:19:44 -0600"
    },
    "done": true
  },
  "minecraft:recipes/redstone/dark_oak_trapdoor": {
    "criteria": {
      "has_planks": "2024-09-07 21:53:46 -0600"
    },
    "done": true
  },
  "minecraft:recipes/food/cooked_porkchop_from_smoking": {
    "criteria": {
      "has_porkchop": "2024-09-07 22:11:57 -0600"
    },
    "done": true
  },
  "minecraft:recipes/decorations/oak_sign": {
    "criteria": {
      "has_oak_planks": "2024-09-07 22:28:53 -0600"
    },
    "done": true
  },
  "minecraft:recipes/redstone/oak_trapdoor": {
    "criteria": {
      "has_planks": "2024-09-07 22:28:53 -0600"
    },
    "done": true
  },
  "minecraft:recipes/building_blocks/polished_diorite_from_diorite_stonecutting": {
    "criteria": {
      "has_diorite": "2024-09-07 22:21:42 -0600"
    },
    "done": true
  },
  "slimier-slimes:recipes/misc/gray_dye": {
    "criteria": {
      "has_jelly": "2024-09-07 22:44:52 -0600"
    },
    "done": true
  },
  "minecraft:recipes/building_blocks/granite_stairs_from_granite_stonecutting": {
    "criteria": {
      "has_granite": "2024-09-07 23:56:38 -0600"
    },
    "done": true
  },
  "slimier-slimes:recipes/slimier-slimes/pink_slime_ball": {
    "criteria": {
      "has_jelly": "2024-09-07 22:44:52 -0600"
    },
    "done": true
  },
  "comforts:rope_and_nail": {
    "criteria": {
      "has_iron": "2024-09-07 21:51:18 -0600"
    },
    "done": true
  },
  "minecraft:recipes/travelersbackpack/standard_smithing_iron": {
    "criteria": {
      "has_iron_tier_upgrade": "2024-09-07 21:51:18 -0600"
    },
    "done": true
  },
  "xreliquary:recipes/xreliquary/mob_charm_fragments/creeper": {
    "criteria": {
      "has_catalyzing_gland": "2024-09-10 18:20:54 -0600"
    },
    "done": true
  },
  "wyrmroost:recipes/wyrmroost/blue_geode_axe": {
    "criteria": {
      "has_material": "2024-09-07 23:33:37 -0600"
    },
    "done": true
  },
  "minecraft:recipes/building_blocks/red_concrete_powder": {
    "criteria": {
      "has_sand": "2024-09-07 21:33:14 -0600"
    },
    "done": true
  },
  "minecraft:recipes/misc/iron_nugget_from_blasting": {
    "criteria": {
      "has_iron_pickaxe": "2024-09-07 22:15:50 -0600"
    },
    "done": true
  },
  "minecraft:recipes/building_blocks/smooth_sandstone_slab": {
    "criteria": {
      "has_smooth_sandstone": "2024-09-07 22:34:01 -0600"
    },
    "done": true
  },
  "mcwfurnitures:recipes/acacia/acacia_glass_desk_right": {
    "criteria": {
      "has_planks": "2024-09-07 21:19:44 -0600"
    },
    "done": true
  },
  "mcwfurnitures:recipes/acacia/acacia_nightstand_3": {
    "criteria": {
      "has_planks": "2024-09-07 21:19:44 -0600"
    },
    "done": true
  },
  "explorerscompass:explorers_compass_cracked_stone_bricks": {
    "criteria": {
      "has_recipe": "2024-09-07 22:24:56 -0600"
    },
    "done": true
  },
  "lootr:root": {
    "criteria": {
      "always_true": "2024-08-27 21:19:07 -0600"
    },
    "done": true
  },
  "minecraft:adventure/kill_a_mob": {
    "criteria": {
      "minecraft:zombie": "2024-09-07 20:57:35 -0600"
    },
    "done": true
  },
  "mcwfurnitures:recipes/acacia/acacia_nightstand_4": {
    "criteria": {
      "has_planks": "2024-09-07 21:19:44 -0600"
    },
    "done": true
  },
  "mcwfurnitures:recipes/acacia/acacia_nightstand_2": {
    "criteria": {
      "has_planks": "2024-09-07 21:19:44 -0600"
    },
    "done": true
  },
  "sworddisplay:recipes/sworddisplay/wooden_sword_display": {
    "criteria": {
      "has_core": "2024-09-07 22:28:53 -0600"
    },
    "done": true
  },
  "dungeons_arise:find_wishing_well": {
    "criteria": {
      "location0": "2024-09-07 22:46:57 -0600"
    },
    "done": true
  },
  "mcwfurnitures:recipes/acacia/acacia_nightstand_8": {
    "criteria": {
      "has_planks": "2024-09-07 21:19:44 -0600"
    },
    "done": true
  },
  "mca:recipes/building_blocks/rose_gold_block": {
    "criteria": {
      "has_item": "2024-08-27 21:19:07 -0600"
    },
    "done": true
  },
  "mcwfurnitures:recipes/acacia/acacia_nightstand_5": {
    "criteria": {
      "has_planks": "2024-09-07 21:19:44 -0600"
    },
    "done": true
  },
  "mcwfurnitures:recipes/acacia/acacia_nightstand_6": {
    "criteria": {
      "has_planks": "2024-09-07 21:19:44 -0600"
    },
    "done": true
  },
  "minecraft:recipes/decorations/diorite_wall": {
    "criteria": {
      "has_diorite": "2024-09-07 22:21:42 -0600"
    },
    "done": true
  },
  "wyrmroost:recipes/wyrmroost/cooked_lowtier_meat_from_campfire": {
    "criteria": {
      "has_raw_lowtier_meat": "2024-09-01 22:24:04 -0600"
    },
    "done": true
  },
  "mcwfurnitures:recipes/acacia/acacia_nightstand_9": {
    "criteria": {
      "has_planks": "2024-09-07 21:19:44 -0600"
    },
    "done": true
  },
  "minecraft:recipes/building_blocks/stone": {
    "criteria": {
      "has_cobblestone": "2024-09-07 22:14:30 -0600"
    },
    "done": true
  },
  "biomesoplenty:recipes/transportation/hellbark_boat": {
    "criteria": {
      "in_water": "2024-08-28 19:56:14 -0600"
    },
    "done": true
  },
  "enigmaticlegacy:book/accessories/ender_ring": {
    "criteria": {
      "is_cursed_one": "2024-09-07 21:51:38 -0600"
    },
    "done": true
  },
  "slimier-slimes:recipes/misc/purple_dye": {
    "criteria": {
      "has_jelly": "2024-09-07 22:44:52 -0600"
    },
    "done": true
  },
  "minecraft:adventure/adventuring_time": {
    "criteria": {
      "minecraft:desert": "2024-09-07 22:22:07 -0600",
      "minecraft:jungle": "2024-09-07 21:25:49 -0600",
      "minecraft:warm_ocean": "2024-09-07 21:51:02 -0600",
      "minecraft:deep_lukewarm_ocean": "2024-08-27 21:19:07 -0600",
      "minecraft:savanna": "2024-08-28 20:57:45 -0600"
    },
    "done": false
  },
  "ironchest:recipes/ironchest/chests/vanilla_iron_chest": {
    "criteria": {
      "has_iron_ingot": "2024-09-07 21:51:18 -0600"
    },
    "done": true
  },
  "mcwfurnitures:recipes/acacia/acacia_cupboard_9": {
    "criteria": {
      "has_planks": "2024-09-07 21:19:44 -0600"
    },
    "done": true
  },
  "undergarden:recipes/undergarden_group/grongle_boat": {
    "criteria": {
      "in_water": "2024-08-28 19:56:14 -0600"
    },
    "done": true
  },
  "mcwfurnitures:recipes/acacia/acacia_cupboard_8": {
    "criteria": {
      "has_planks": "2024-09-07 21:19:44 -0600"
    },
    "done": true
  },
  "mcwfurnitures:recipes/acacia/acacia_cupboard_7": {
    "criteria": {
      "has_planks": "2024-09-07 21:19:44 -0600"
    },
    "done": true
  },
  "mcwfurnitures:recipes/acacia/acacia_cupboard_6": {
    "criteria": {
      "has_planks": "2024-09-07 21:19:44 -0600"
    },
    "done": true
  },
  "mcwfurnitures:recipes/acacia/acacia_cupboard_5": {
    "criteria": {
      "has_planks": "2024-09-07 21:19:44 -0600"
    },
    "done": true
  },
  "minecraft:recipes/combat/stone_sword": {
    "criteria": {
      "has_cobblestone": "2024-09-07 22:14:30 -0600"
    },
    "done": true
  },
  "minecraft:recipes/decorations/barrel": {
    "criteria": {
      "has_planks": "2024-09-07 21:20:09 -0600"
    },
    "done": true
  },
  "minecraft:recipes/decorations/cobblestone_wall": {
    "criteria": {
      "has_cobblestone": "2024-09-07 22:14:30 -0600"
    },
    "done": true
  },
  "solcarrot:recipes/food_book": {
    "criteria": {
      "has_carrot": "2024-09-07 23:17:36 -0600"
    },
    "done": true
  },
  "minecraft:recipes/travelersbackpack/spider_smithing_iron": {
    "criteria": {
      "has_iron_tier_upgrade": "2024-09-07 21:51:18 -0600"
    },
    "done": true
  },
  "minecraft:recipes/tools/stone_pickaxe": {
    "criteria": {
      "has_cobblestone": "2024-09-07 22:14:30 -0600"
    },
    "done": true
  },
  "minecraft:recipes/decorations/smithing_table": {
    "criteria": {
      "has_iron_ingot": "2024-09-07 21:51:18 -0600"
    },
    "done": true
  },
  "bountifulbaubles:recipes/bountifulbaubles/gloves_digging_iron": {
    "criteria": {
      "iron": "2024-09-07 21:51:18 -0600"
    },
    "done": true
  },
  "mcwbridges:recipes/dark_oak_rail_bridge": {
    "criteria": {
      "has_planks": "2024-09-07 21:53:46 -0600"
    },
    "done": true
  },
  "enigmaticlegacy:recipes/generic/avarice_scroll": {
    "criteria": {
      "is_cursed_one": "2024-09-07 21:51:38 -0600"
    },
    "done": false
  },
  "slimier-slimes:recipes/misc/magenta_dye": {
    "criteria": {
      "has_jelly": "2024-09-07 22:44:52 -0600"
    },
    "done": true
  },
  "mcwfurnitures:recipes/jungle/jungle_nightstand_10": {
    "criteria": {
      "has_planks": "2024-09-07 21:25:55 -0600"
    },
    "done": true
  },
  "mcwfurnitures:recipes/jungle/jungle_nightstand_11": {
    "criteria": {
      "has_planks": "2024-09-07 21:25:55 -0600"
    },
    "done": true
  },
  "minecraft:recipes/decorations/cobblestone_wall_from_cobblestone_stonecutting": {
    "criteria": {
      "has_cobblestone": "2024-09-07 22:14:30 -0600"
    },
    "done": true
  },
  "slimier-slimes:recipes/misc/black_dye": {
    "criteria": {
      "has_jelly": "2024-09-07 22:44:52 -0600"
    },
    "done": true
  },
  "minecraft:recipes/building_blocks/cut_sandstone_slab": {
    "criteria": {
      "has_cut_sandstone": "2024-09-07 22:32:03 -0600"
    },
    "done": true
  },
  "mcwlights:recipes/paper_lamp": {
    "criteria": {
      "paper": "2024-09-07 22:31:55 -0600"
    },
    "done": true
  },
  "bountifulbaubles:recipes/bountifulbaubles/obsidian_skull": {
    "criteria": {
      "obsidian": "2024-08-29 17:31:29 -0600"
    },
    "done": true
  },
  "minecraft:recipes/building_blocks/diamond_block": {
    "criteria": {
      "has_diamond": "2024-09-07 23:20:09 -0600"
    },
    "done": true
  },
  "wyrmroost:recipes/wyrmroost/blue_geode_pickaxe": {
    "criteria": {
      "has_material": "2024-09-07 23:33:37 -0600"
    },
    "done": true
  },
  "minecraft:recipes/decorations/acacia_sign": {
    "criteria": {
      "has_acacia_planks": "2024-09-07 21:20:09 -0600"
    },
    "done": true
  },
  "minecraft:recipes/travelersbackpack/ghast_smithing_iron": {
    "criteria": {
      "has_iron_tier_upgrade": "2024-09-07 21:51:18 -0600"
    },
    "done": true
  },
  "dungeons_arise:wda_root": {
    "criteria": {
      "WDA": "2024-08-27 21:19:07 -0600"
    },
    "done": true
  },
  "astikorcarts:recipes/wheel": {
    "criteria": {
      "has_planks": "2024-09-07 21:20:09 -0600"
    },
    "done": true
  },
  "sworddisplay:recipes/sworddisplay/dark_oak_sword_display": {
    "criteria": {
      "has_core": "2024-09-07 21:53:46 -0600"
    },
    "done": true
  },
  "sophisticatedbackpacks:recipes/sophisticatedbackpacks/auto_blasting_upgrade": {
    "criteria": {
      "has_blasting_upgrade": "2024-08-27 21:19:07 -0600"
    },
    "done": true
  },
  "minecraft:recipes/decorations/lantern": {
    "criteria": {
      "has_iron_nugget": "2024-09-07 21:51:18 -0600"
    },
    "done": true
  },
  "biomesoplenty:recipes/transportation/jacaranda_boat": {
    "criteria": {
      "in_water": "2024-08-28 19:56:14 -0600"
    },
    "done": true
  },
  "minecraft:recipes/decorations/sandstone_wall": {
    "criteria": {
      "has_sandstone": "2024-09-07 22:38:47 -0600"
    },
    "done": true
  },
  "minecraft:recipes/travelersbackpack/blaze_smithing_iron": {
    "criteria": {
      "has_iron_tier_upgrade": "2024-09-07 21:51:18 -0600"
    },
    "done": true
  },
  "mcwfurnitures:recipes/acacia/acacia_plant_pot_left": {
    "criteria": {
      "has_planks": "2024-09-07 21:19:44 -0600"
    },
    "done": true
  },
  "mcwfurnitures:recipes/jungle/jungle_plant_pot_right": {
    "criteria": {
      "has_planks": "2024-09-07 21:25:55 -0600"
    },
    "done": true
  },
  "minecraft:recipes/building_blocks/polished_diorite": {
    "criteria": {
      "has_stone": "2024-09-07 22:21:42 -0600"
    },
    "done": true
  },
  "minecraft:recipes/decorations/andesite_wall": {
    "criteria": {
      "has_andesite": "2024-09-05 19:17:08 -0600"
    },
    "done": true
  },
  "minecraft:recipes/building_blocks/andesite_slab": {
    "criteria": {
      "has_andesite": "2024-09-05 19:17:08 -0600"
    },
    "done": true
  },
  "minecraft:recipes/building_blocks/acacia_stairs": {
    "criteria": {
      "has_planks": "2024-09-07 21:20:09 -0600"
    },
    "done": true
  },
  "slimier-slimes:recipes/slimier-slimes/white_slime_ball": {
    "criteria": {
      "has_jelly": "2024-09-07 22:44:52 -0600"
    },
    "done": true
  },
  "wyrmroost:recipes/wyrmroost/blue_geode_leggings": {
    "criteria": {
      "has_material": "2024-09-07 23:33:37 -0600"
    },
    "done": true
  },
  "oresabovediamonds:main/find_black_opal": {
    "criteria": {
      "found_black_opal": "2024-09-07 22:29:33 -0600"
    },
    "done": true
  },
  "minecraft:recipes/tools/stone_axe": {
    "criteria": {
      "has_cobblestone": "2024-09-07 22:14:30 -0600"
    },
    "done": true
  },
  "xreliquary:recipes/misc/gold_nugget": {
    "criteria": {
      "has_empty_bullet": "2024-09-01 22:23:05 -0600"
    },
    "done": true
  },
  "mcwbridges:recipes/stone_bridge_pier": {
    "criteria": {
      "has_planks": "2024-08-29 16:19:56 -0600"
    },
    "done": true
  },
  "minecraft:recipes/travelersbackpack/iron_golem_smithing_iron": {
    "criteria": {
      "has_iron_tier_upgrade": "2024-09-07 21:51:18 -0600"
    },
    "done": true
  },
  "farlanders:root": {
    "criteria": {
      "attack": "2024-09-01 22:19:11 -0600"
    },
    "done": true
  },
  "mcwlights:recipes/lamps_ceilings": {
    "criteria": {
      "ceiling": "2024-09-05 19:19:18 -0600"
    },
    "done": true
  },
  "corail_woodcutter:recipes/from_oak_planks": {
    "criteria": {
      "has_ingredient": "2024-09-07 22:28:53 -0600"
    },
    "done": true
  },
  "farmersdelight:recipes/farmersdelight/wheat_dough_from_eggs": {
    "criteria": {
      "has_wheat": "2024-09-07 20:49:50 -0600"
    },
    "done": true
  },
  "mininggadgets:recipes/mininggadgets/upgrade_empty": {
    "criteria": {
      "has_diamonds": "2024-09-07 23:20:09 -0600"
    },
    "done": true
  },
  "minecraft:recipes/travelersbackpack/bee_smithing_iron": {
    "criteria": {
      "has_iron_tier_upgrade": "2024-09-07 21:51:18 -0600"
    },
    "done": true
  },
  "minecraft:recipes/building_blocks/cobblestone_stairs_from_cobblestone_stonecutting": {
    "criteria": {
      "has_cobblestone": "2024-09-07 22:14:30 -0600"
    },
    "done": true
  },
  "minecraft:recipes/building_blocks/magenta_concrete_powder": {
    "criteria": {
      "has_sand": "2024-09-07 21:33:14 -0600"
    },
    "done": true
  },
  "bloodmagic:recipes/bloodmagictab/synthetic_point": {
    "criteria": {
      "has_nugget": "2024-09-07 21:51:18 -0600"
    },
    "done": true
  },
  "minecraft:recipes/misc/wheat": {
    "criteria": {
      "has_hay_block": "2024-09-07 20:49:22 -0600"
    },
    "done": true
  },
  "biomesoplenty:recipes/transportation/willow_boat": {
    "criteria": {
      "in_water": "2024-08-28 19:56:14 -0600"
    },
    "done": true
  },
  "minecraft:recipes/building_blocks/polished_andesite_stairs_from_andesite_stonecutting": {
    "criteria": {
      "has_andesite": "2024-09-05 19:17:08 -0600"
    },
    "done": true
  },
  "mca:recipes/misc/needle_and_thread": {
    "criteria": {
      "has_item": "2024-08-27 21:19:07 -0600"
    },
    "done": true
  },
  "minecraft:recipes/building_blocks/stone_brick_slab_from_stone_bricks_stonecutting": {
    "criteria": {
      "has_stone_bricks": "2024-08-29 16:19:56 -0600"
    },
    "done": true
  },
  "minecraft:recipes/building_blocks/cut_sandstone_from_sandstone_stonecutting": {
    "criteria": {
      "has_sandstone": "2024-09-07 22:38:47 -0600"
    },
    "done": true
  },
  "minecraft:recipes/travelersbackpack/creeper_smithing_iron": {
    "criteria": {
      "has_iron_tier_upgrade": "2024-09-07 21:51:18 -0600"
    },
    "done": true
  },
  "minecraft:recipes/decorations/campfire": {
    "criteria": {
      "has_stick": "2024-09-07 21:21:26 -0600"
    },
    "done": true
  },
  "minecraft:recipes/food/bread": {
    "criteria": {
      "has_wheat": "2024-09-07 20:49:50 -0600"
    },
    "done": true
  },
  "minecraft:recipes/building_blocks/diorite_slab_from_diorite_stonecutting": {
    "criteria": {
      "has_diorite": "2024-09-07 22:21:42 -0600"
    },
    "done": true
  },
  "biomesoplenty:recipes/transportation/mahogany_boat": {
    "criteria": {
      "in_water": "2024-08-28 19:56:14 -0600"
    },
    "done": true
  },
  "corail_woodcutter:recipes/from_acacia_planks": {
    "criteria": {
      "has_ingredient": "2024-09-07 21:20:09 -0600"
    },
    "done": true
  },
  "enigmaticlegacy:recipes/generic/iron_ring": {
    "criteria": {
      "has_iron_ingot": "2024-09-07 21:51:18 -0600"
    },
    "done": true
  },
  "minecraft:recipes/misc/iron_nugget": {
    "criteria": {
      "has_iron_ingot": "2024-09-07 21:51:18 -0600"
    },
    "done": true
  },
  "minecraft:recipes/travelersbackpack/fox_smithing_iron": {
    "criteria": {
      "has_iron_tier_upgrade": "2024-09-07 21:51:18 -0600"
    },
    "done": true
  },
  "minecraft:recipes/building_blocks/brown_concrete_powder": {
    "criteria": {
      "has_sand": "2024-09-07 21:33:14 -0600"
    },
    "done": true
  },
  "paraglider:recipes/paraglider/cosmetic/paraglider": {
    "criteria": {
      "has_paragliders": "2024-09-07 21:38:13 -0600"
    },
    "done": true
  },
  "ironchest:recipes/ironchest/chests/vanilla_dirt_chest": {
    "criteria": {
      "has_iron_ingot": "2024-09-07 22:01:13 -0600"
    },
    "done": true
  },
  "mcwfurnitures:recipes/jungle/jungle_dresser": {
    "criteria": {
      "has_planks": "2024-09-07 21:25:55 -0600"
    },
    "done": true
  },
  "minecraft:recipes/misc/bone_meal_from_bone_block": {
    "criteria": {
      "has_bone_block": "2024-09-07 21:29:51 -0600"
    },
    "done": true
  },
  "minecraft:recipes/travelersbackpack/magma_cube_smithing_iron": {
    "criteria": {
      "has_iron_tier_upgrade": "2024-09-07 21:51:18 -0600"
    },
    "done": true
  },
  "xreliquary:recipes/xreliquary/mob_charm_fragments/ghast": {
    "criteria": {
      "has_catalyzing_gland": "2024-09-10 18:20:54 -0600"
    },
    "done": true
  },
  "minecraft:recipes/combat/diamond_sword": {
    "criteria": {
      "has_diamond": "2024-09-07 23:20:09 -0600"
    },
    "done": true
  },
  "mca:recipes/misc/rose_gold_ingot": {
    "criteria": {
      "has_item": "2024-08-27 21:19:07 -0600"
    },
    "done": true
  },
  "biomesoplenty:recipes/transportation/dead_boat": {
    "criteria": {
      "in_water": "2024-08-28 19:56:14 -0600"
    },
    "done": true
  },
  "explorerscompass:explorers_compass_cobweb": {
    "criteria": {
      "has_recipe": "2024-09-07 22:24:56 -0600"
    },
    "done": true
  },
  "mcwfurnitures:recipes/acacia/acacia_modern_chair": {
    "criteria": {
      "has_planks": "2024-09-07 21:19:44 -0600"
    },
    "done": true
  },
  "minecraft:recipes/transportation/spruce_boat": {
    "criteria": {
      "in_water": "2024-08-28 19:56:14 -0600"
    },
    "done": true
  },
  "mcwlights:recipes/tiki_torches": {
    "criteria": {
      "torch": "2024-09-07 22:31:55 -0600"
    },
    "done": true
  },
  "minecraft:recipes/decorations/jukebox": {
    "criteria": {
      "has_diamond": "2024-09-07 23:20:09 -0600"
    },
    "done": true
  },
  "minecraft:recipes/building_blocks/cracked_stone_bricks": {
    "criteria": {
      "has_stone_bricks": "2024-08-29 16:19:56 -0600"
    },
    "done": true
  },
  "mcwbridges:recipes/acacia_rail_bridge": {
    "criteria": {
      "has_planks": "2024-09-07 21:20:09 -0600"
    },
    "done": true
  },
  "minecraft:recipes/tools/flint_and_steel": {
    "criteria": {
      "has_obsidian": "2024-08-29 17:31:29 -0600"
    },
    "done": true
  },
  "mcwfurnitures:recipes/acacia/acacia_nightstand": {
    "criteria": {
      "has_planks": "2024-09-07 21:19:44 -0600"
    },
    "done": true
  },
  "mcwbridges:recipes/rope_acacia_bridge": {
    "criteria": {
      "has_planks": "2024-09-07 21:20:09 -0600"
    },
    "done": true
  },
  "mcwfurnitures:recipes/jungle/jungle_desk_right": {
    "criteria": {
      "has_planks": "2024-09-07 21:25:55 -0600"
    },
    "done": true
  },
  "slimier-slimes:recipes/slimier-slimes/green_slime_ball": {
    "criteria": {
      "has_jelly": "2024-09-07 22:44:52 -0600"
    },
    "done": true
  },
  "enigmaticlegacy:book/accessories/magnet_ring": {
    "criteria": {
      "has_the_recipe": "2024-09-07 23:20:09 -0600"
    },
    "done": true
  },
  "sworddisplay:recipes/sworddisplay/sword_display": {
    "criteria": {
      "has_core": "2024-09-07 21:51:18 -0600"
    },
    "done": true
  },
  "mcwfurnitures:recipes/jungle/jungle_pult": {
    "criteria": {
      "has_planks": "2024-09-07 21:25:55 -0600"
    },
    "done": true
  },
  "minecraft:recipes/building_blocks/polished_granite_from_granite_stonecutting": {
    "criteria": {
      "has_granite": "2024-09-07 23:56:38 -0600"
    },
    "done": true
  },
  "minecraft:husbandry/balanced_diet": {
    "criteria": {
      "bread": "2024-09-07 20:42:23 -0600",
      "rotten_flesh": "2024-09-11 22:24:16 -0600",
      "melon_slice": "2024-09-07 20:54:49 -0600"
    },
    "done": false
  },
  "enigmaticlegacy:recipes/generic/berserk_emblem": {
    "criteria": {
      "is_cursed_one": "2024-09-07 21:51:38 -0600"
    },
    "done": false
  },
  "minecraft:recipes/tools/wooden_hoe": {
    "criteria": {
      "has_stick": "2024-09-07 21:21:26 -0600"
    },
    "done": true
  },
  "minecraft:recipes/building_blocks/smooth_sandstone_slab_from_smooth_sandstone_stonecutting": {
    "criteria": {
      "has_smooth_sandstone": "2024-09-07 22:34:01 -0600"
    },
    "done": true
  },
  "mcwbridges:recipes/sandstone_bridge": {
    "criteria": {
      "has_planks": "2024-09-07 22:38:47 -0600"
    },
    "done": true
  },
  "mca:recipes/misc/rose_gold_ingot_blasting": {
    "criteria": {
      "has_item": "2024-08-27 21:19:07 -0600"
    },
    "done": true
  },
  "minecraft:recipes/misc/bucket": {
    "criteria": {
      "has_iron_ingot": "2024-09-07 21:51:18 -0600"
    },
    "done": true
  },
  "slimier-slimes:recipes/slimier-slimes/black_slime_ball": {
    "criteria": {
      "has_jelly": "2024-09-07 22:44:52 -0600"
    },
    "done": true
  },
  "slimier-slimes:recipes/slimier-slimes/lime_slime_ball": {
    "criteria": {
      "has_jelly": "2024-09-07 22:44:52 -0600"
    },
    "done": true
  },
  "slimier-slimes:recipes/slimier-slimes/brown_slime_ball": {
    "criteria": {
      "has_jelly": "2024-09-07 22:44:52 -0600"
    },
    "done": true
  },
  "minecraft:recipes/building_blocks/cobblestone_stairs": {
    "criteria": {
      "has_cobblestone": "2024-09-07 22:14:30 -0600"
    },
    "done": true
  },
  "minecraft:recipes/building_blocks/diorite_slab": {
    "criteria": {
      "has_diorite": "2024-09-07 22:21:42 -0600"
    },
    "done": true
  },
  "minecraft:recipes/building_blocks/stone_brick_stairs_from_stone_bricks_stonecutting": {
    "criteria": {
      "has_stone_bricks": "2024-08-29 16:19:56 -0600"
    },
    "done": true
  },
  "biomesoplenty:recipes/transportation/magic_boat": {
    "criteria": {
      "in_water": "2024-08-28 19:56:14 -0600"
    },
    "done": true
  },
  "mcwfurnitures:recipes/jungle/jungle_dresser_11": {
    "criteria": {
      "has_planks": "2024-09-07 21:25:55 -0600"
    },
    "done": true
  },
  "mcwfurnitures:recipes/jungle/jungle_dresser_14": {
    "criteria": {
      "has_planks": "2024-09-07 21:25:55 -0600"
    },
    "done": true
  },
  "minecraft:recipes/building_blocks/chiseled_sandstone_from_sandstone_stonecutting": {
    "criteria": {
      "has_sandstone": "2024-09-07 22:38:47 -0600"
    },
    "done": true
  },
  "mcwfurnitures:recipes/jungle/jungle_dresser_12": {
    "criteria": {
      "has_planks": "2024-09-07 21:25:55 -0600"
    },
    "done": true
  },
  "ironchest:recipes/ironchest/upgrades/gold_to_diamond_chest_upgrade": {
    "criteria": {
      "has_glass": "2024-09-05 19:19:15 -0600"
    },
    "done": true
  },
  "mcwfurnitures:recipes/jungle/jungle_dresser_13": {
    "criteria": {
      "has_planks": "2024-09-07 21:25:55 -0600"
    },
    "done": true
  },
  "minecraft:recipes/decorations/granite_wall": {
    "criteria": {
      "has_granite": "2024-09-07 23:56:38 -0600"
    },
    "done": true
  },
  "wyrmroost:recipes/wyrmroost/blue_geode_dragon_armor": {
    "criteria": {
      "has_blue_geode": "2024-09-07 23:33:37 -0600"
    },
    "done": true
  },
  "minecraft:recipes/redstone/note_block": {
    "criteria": {
      "has_redstone": "2024-09-07 23:19:49 -0600"
    },
    "done": true
  },
  "wyrmroost:recipes/wyrmroost/blue_geode_chestplate": {
    "criteria": {
      "has_material": "2024-09-07 23:33:37 -0600"
    },
    "done": true
  },
  "ironchest:recipes/ironchest/chests/diamond_crystal_chest": {
    "criteria": {
      "has_glass": "2024-09-05 19:19:15 -0600"
    },
    "done": true
  },
  "minecraft:recipes/building_blocks/light_blue_concrete_powder": {
    "criteria": {
      "has_sand": "2024-09-07 21:33:14 -0600"
    },
    "done": true
  },
  "minecraft:recipes/building_blocks/hay_block": {
    "criteria": {
      "has_wheat": "2024-09-07 20:49:50 -0600"
    },
    "done": true
  },
  "minecraft:recipes/building_blocks/glass": {
    "criteria": {
      "has_sand": "2024-09-07 21:33:14 -0600"
    },
    "done": true
  },
  "minecraft:recipes/combat/iron_helmet": {
    "criteria": {
      "has_iron_ingot": "2024-09-07 21:51:18 -0600"
    },
    "done": true
  },
  "minecraft:recipes/combat/bow": {
    "criteria": {
      "has_string": "2024-09-07 22:29:33 -0600"
    },
    "done": true
  },
  "minecraft:recipes/redstone/oak_fence_gate": {
    "criteria": {
      "has_planks": "2024-09-07 22:28:53 -0600"
    },
    "done": true
  },
  "minecraft:recipes/redstone/tnt": {
    "criteria": {
      "has_gunpowder": "2024-09-10 18:20:54 -0600"
    },
    "done": true
  },
  "minecraft:recipes/building_blocks/acacia_slab": {
    "criteria": {
      "has_planks": "2024-09-07 21:20:09 -0600"
    },
    "done": true
  },
  "minecraft:recipes/building_blocks/smooth_sandstone": {
    "criteria": {
      "has_sandstone": "2024-09-07 22:38:47 -0600"
    },
    "done": true
  },
  "minecraft:recipes/building_blocks/purple_concrete_powder": {
    "criteria": {
      "has_sand": "2024-09-07 21:33:14 -0600"
    },
    "done": true
  },
  "minecraft:recipes/building_blocks/cut_sandstone_slab_from_cut_sandstone_stonecutting": {
    "criteria": {
      "has_cut_sandstone": "2024-09-07 22:38:47 -0600"
    },
    "done": true
  },
  "slimier-slimes:recipes/slimier-slimes/cyan_slime_ball": {
    "criteria": {
      "has_jelly": "2024-09-07 22:44:52 -0600"
    },
    "done": true
  },
  "dungeons_arise:find_illager_windmill": {
    "criteria": {
      "location0": "2024-09-07 22:09:44 -0600"
    },
    "done": true
  },
  "enigmaticlegacy:book/relics/cursed_ring": {
    "criteria": {
      "has_items": "2024-08-27 21:19:07 -0600"
    },
    "done": true
  },
  "minecraft:recipes/decorations/diorite_wall_from_diorite_stonecutting": {
    "criteria": {
      "has_diorite": "2024-09-07 22:21:42 -0600"
    },
    "done": true
  },
  "mcwfurnitures:recipes/acacia/acacia_glass_desk_left": {
    "criteria": {
      "has_planks": "2024-09-07 21:19:44 -0600"
    },
    "done": true
  },
  "minecraft:recipes/combat/diamond_chestplate": {
    "criteria": {
      "has_diamond": "2024-09-07 23:20:09 -0600"
    },
    "done": true
  },
  "undergarden:recipes/undergarden_group/gloom_o_lantern": {
    "criteria": {
      "has_torch": "2024-09-07 22:31:55 -0600"
    },
    "done": true
  },
  "minecraft:story/mine_stone": {
    "criteria": {
      "get_stone": "2024-09-07 22:14:30 -0600"
    },
    "done": true
  },
  "mcwfurnitures:recipes/acacia/acacia_stool_chair": {
    "criteria": {
      "has_planks": "2024-09-07 21:19:44 -0600"
    },
    "done": true
  },
  "minecraft:recipes/redstone/target": {
    "criteria": {
      "has_hay_block": "2024-09-07 20:49:22 -0600"
    },
    "done": true
  },
  "minecraft:recipes/transportation/minecart": {
    "criteria": {
      "has_iron_ingot": "2024-09-07 21:51:18 -0600"
    },
    "done": true
  },
  "minecraft:recipes/decorations/furnace": {
    "criteria": {
      "has_cobblestone": "2024-09-07 22:14:30 -0600"
    },
    "done": true
  },
  "slimier-slimes:recipes/misc/yellow_dye": {
    "criteria": {
      "has_jelly": "2024-09-07 22:44:52 -0600"
    },
    "done": true
  },
  "bountifulbaubles:recipes/bountifulbaubles/gloves_digging_diamond": {
    "criteria": {
      "diamond": "2024-09-07 23:20:09 -0600"
    },
    "done": true
  },
  "adventurepack:flashlight": {
    "criteria": {
      "has_iron": "2024-09-07 21:51:18 -0600"
    },
    "done": true
  },
  "minecraft:recipes/building_blocks/andesite_stairs": {
    "criteria": {
      "has_andesite": "2024-09-05 19:17:08 -0600"
    },
    "done": true
  },
  "minecraft:recipes/misc/charcoal": {
    "criteria": {
      "has_log": "2024-09-07 21:19:44 -0600"
    },
    "done": true
  },
  "mcwfurnitures:recipes/jungle/jungle_nightstand_4": {
    "criteria": {
      "has_planks": "2024-09-07 21:25:55 -0600"
    },
    "done": true
  },
  "mcwfurnitures:recipes/jungle/jungle_nightstand_3": {
    "criteria": {
      "has_planks": "2024-09-07 21:25:55 -0600"
    },
    "done": true
  },
  "mcwfurnitures:recipes/jungle/jungle_nightstand_2": {
    "criteria": {
      "has_planks": "2024-09-07 21:25:55 -0600"
    },
    "done": true
  },
  "minecraft:recipes/tools/wooden_pickaxe": {
    "criteria": {
      "has_stick": "2024-09-07 21:21:26 -0600"
    },
    "done": true
  },
  "minecraft:recipes/tools/iron_hoe": {
    "criteria": {
      "has_iron_ingot": "2024-09-07 21:51:18 -0600"
    },
    "done": true
  },
  "mcwfurnitures:recipes/jungle/jungle_nightstand_8": {
    "criteria": {
      "has_planks": "2024-09-07 21:25:55 -0600"
    },
    "done": true
  },
  "minecraft:recipes/building_blocks/stone_brick_slab": {
    "criteria": {
      "has_stone_bricks": "2024-08-29 16:19:56 -0600"
    },
    "done": true
  },
  "minecraft:husbandry/root": {
    "criteria": {
      "consumed_item": "2024-09-07 20:42:23 -0600"
    },
    "done": true
  },
  "mcwfurnitures:recipes/jungle/jungle_nightstand_6": {
    "criteria": {
      "has_planks": "2024-09-07 21:25:55 -0600"
    },
    "done": true
  },
  "minecraft:recipes/redstone/redstone_torch": {
    "criteria": {
      "has_redstone": "2024-09-07 23:19:49 -0600"
    },
    "done": true
  },
  "mcwfurnitures:recipes/jungle/jungle_nightstand_5": {
    "criteria": {
      "has_planks": "2024-09-07 21:25:55 -0600"
    },
    "done": true
  },
  "minecraft:recipes/transportation/birch_boat": {
    "criteria": {
      "in_water": "2024-08-28 19:56:14 -0600"
    },
    "done": true
  },
  "paraglider:paraglider": {
    "criteria": {
      "paraglider": "2024-09-07 21:38:13 -0600"
    },
    "done": true
  },
  "minecraft:recipes/building_blocks/polished_granite_slab_from_granite_stonecutting": {
    "criteria": {
      "has_granite": "2024-09-07 23:56:38 -0600"
    },
    "done": true
  },
  "minecraft:recipes/decorations/enchanting_table": {
    "criteria": {
      "has_obsidian": "2024-08-29 17:31:29 -0600"
    },
    "done": true
  },
  "minecraft:recipes/building_blocks/green_concrete_powder": {
    "criteria": {
      "has_sand": "2024-09-07 21:33:14 -0600"
    },
    "done": true
  },
  "minecraft:recipes/building_blocks/polished_andesite_from_andesite_stonecutting": {
    "criteria": {
      "has_andesite": "2024-09-05 19:17:08 -0600"
    },
    "done": true
  },
  "mcwfurnitures:recipes/jungle/jungle_plant_pot_left": {
    "criteria": {
      "has_planks": "2024-09-07 21:25:55 -0600"
    },
    "done": true
  },
  "minecraft:recipes/tools/iron_shovel": {
    "criteria": {
      "has_iron_ingot": "2024-09-07 21:51:18 -0600"
    },
    "done": true
  },
  "minecraft:recipes/redstone/acacia_door": {
    "criteria": {
      "has_planks": "2024-09-07 21:20:09 -0600"
    },
    "done": true
  },
  "minecraft:recipes/travelersbackpack/coal_smithing_iron": {
    "criteria": {
      "has_iron_tier_upgrade": "2024-09-07 21:51:18 -0600"
    },
    "done": true
  },
  "minecraft:recipes/travelersbackpack/cow_smithing_iron": {
    "criteria": {
      "has_iron_tier_upgrade": "2024-09-07 21:51:18 -0600"
    },
    "done": true
  },
  "enigmaticlegacy:recipes/generic/ender_ring": {
    "criteria": {
      "has_parent_recipe": "2024-09-07 21:51:18 -0600"
    },
    "done": false
  },
  "mcwfurnitures:recipes/jungle/jungle_nightstand_9": {
    "criteria": {
      "has_planks": "2024-09-07 21:25:55 -0600"
    },
    "done": true
  },
  "farmersdelight:main/root": {
    "criteria": {
      "seeds": "2024-08-27 21:19:07 -0600"
    },
    "done": true
  },
  "minecraft:recipes/travelersbackpack/pig_smithing_iron": {
    "criteria": {
      "has_iron_tier_upgrade": "2024-09-07 21:51:18 -0600"
    },
    "done": true
  },
  "minecraft:recipes/tools/stone_hoe": {
    "criteria": {
      "has_cobblestone": "2024-09-07 22:14:30 -0600"
    },
    "done": true
  },
  "minecraft:recipes/tools/clock": {
    "criteria": {
      "has_redstone": "2024-09-07 23:19:49 -0600"
    },
    "done": true
  },
  "mcwfurnitures:recipes/acacia/acacia_double_desk_left": {
    "criteria": {
      "has_planks": "2024-09-07 21:19:44 -0600"
    },
    "done": true
  },
  "minecraft:recipes/food/baked_potato_from_smoking": {
    "criteria": {
      "has_potato": "2024-09-07 22:38:03 -0600"
    },
    "done": true
  },
  "minecraft:recipes/tools/diamond_hoe": {
    "criteria": {
      "has_diamond": "2024-09-07 23:20:09 -0600"
    },
    "done": true
  },
  "slimier-slimes:recipes/slimier-slimes/light_blue_slime_ball": {
    "criteria": {
      "has_jelly": "2024-09-07 22:44:52 -0600"
    },
    "done": true
  },
  "minecraft:recipes/travelersbackpack/diamond_smithing_iron": {
    "criteria": {
      "has_iron_tier_upgrade": "2024-09-07 21:51:18 -0600"
    },
    "done": true
  },
  "minecraft:recipes/building_blocks/dark_oak_stairs": {
    "criteria": {
      "has_planks": "2024-09-07 21:53:46 -0600"
    },
    "done": true
  },
  "minecraft:recipes/tools/diamond_shovel": {
    "criteria": {
      "has_diamond": "2024-09-07 23:20:09 -0600"
    },
    "done": true
  },
  "farmersdelight:recipes/farmersdelight/wheat_dough_from_water": {
    "criteria": {
      "has_wheat": "2024-09-07 20:49:50 -0600"
    },
    "done": true
  },
  "minecraft:recipes/building_blocks/granite_slab": {
    "criteria": {
      "has_granite": "2024-09-07 23:56:38 -0600"
    },
    "done": true
  },
  "minecraft:recipes/building_blocks/smooth_sandstone_stairs": {
    "criteria": {
      "has_smooth_sandstone": "2024-09-07 22:34:01 -0600"
    },
    "done": true
  },
  "minecraft:recipes/food/baked_potato": {
    "criteria": {
      "has_potato": "2024-09-07 22:38:03 -0600"
    },
    "done": true
  },
  "enigmaticlegacy:book/misc/hunter_guide": {
    "criteria": {
      "has_the_recipe": "2024-09-07 21:38:13 -0600"
    },
    "done": true
  },
  "minecraft:recipes/decorations/dark_oak_sign": {
    "criteria": {
      "has_dark_oak_planks": "2024-09-07 21:53:46 -0600"
    },
    "done": true
  },
  "naturescompass:natures_compass_log": {
    "criteria": {
      "has_log": "2024-09-07 21:19:44 -0600"
    },
    "done": true
  },
  "relics:obtain/drowned_belt": {
    "criteria": {
      "obtain_relic": "2024-09-07 21:51:18 -0600"
    },
    "done": true
  },
  "minecraft:recipes/misc/gold_ingot_from_nuggets": {
    "criteria": {
      "has_gold_nugget": "2024-09-07 21:58:09 -0600"
    },
    "done": true
  },
  "forbidden_arcanus:recipes/forbidden_arcanus/iron_blacksmith_gavel": {
    "criteria": {
      "has_item": "2024-09-07 21:51:18 -0600"
    },
    "done": true
  },
  "minecraft:story/mine_diamond": {
    "criteria": {
      "diamond": "2024-09-07 23:20:09 -0600"
    },
    "done": true
  },
  "minecraft:story/upgrade_tools": {
    "criteria": {
      "stone_pickaxe": "2024-09-08 00:00:26 -0600"
    },
    "done": true
  },
  "minecraft:recipes/combat/diamond_helmet": {
    "criteria": {
      "has_diamond": "2024-09-07 23:20:09 -0600"
    },
    "done": true
  },
  "minecraft:recipes/building_blocks/polished_granite_stairs_from_granite_stonecutting": {
    "criteria": {
      "has_granite": "2024-09-07 23:56:38 -0600"
    },
    "done": true
  },
  "minecraft:recipes/transportation/oak_boat": {
    "criteria": {
      "in_water": "2024-08-28 19:56:14 -0600"
    },
    "done": true
  },
  "minecraft:recipes/travelersbackpack/sheep_smithing_iron": {
    "criteria": {
      "has_iron_tier_upgrade": "2024-09-07 21:51:18 -0600"
    },
    "done": true
  },
  "mcwfurnitures:recipes/jungle/jungle_plate": {
    "criteria": {
      "has_planks": "2024-09-07 21:25:55 -0600"
    },
    "done": true
  },
  "wyrmroost:recipes/wyrmroost/blue_geode_tipped_arrow": {
    "criteria": {
      "has_geode": "2024-09-07 23:33:37 -0600"
    },
    "done": true
  },
  "minecraft:recipes/decorations/sandstone_wall_from_sandstone_stonecutting": {
    "criteria": {
      "has_sandstone": "2024-09-07 22:38:47 -0600"
    },
    "done": true
  },
  "minecraft:recipes/building_blocks/cyan_concrete_powder": {
    "criteria": {
      "has_sand": "2024-09-07 21:33:14 -0600"
    },
    "done": true
  },
  "minecraft:recipes/building_blocks/stone_brick_stairs": {
    "criteria": {
      "has_stone_bricks": "2024-08-29 16:19:56 -0600"
    },
    "done": true
  },
  "enigmaticlegacy:recipes/generic/the_twist": {
    "criteria": {
      "has_parent_recipe": "2024-08-27 21:19:07 -0600",
      "is_cursed_one": "2024-09-07 21:51:38 -0600"
    },
    "done": false
  },
  "mcwfurnitures:recipes/jungle/jungle_covered_desk_left": {
    "criteria": {
      "has_planks": "2024-09-07 21:25:55 -0600"
    },
    "done": true
  },
  "wyrmroost:recipes/wyrmroost/iron_dragon_armor": {
    "criteria": {
      "has_iron": "2024-09-07 21:51:18 -0600"
    },
    "done": true
  },
  "minecraft:recipes/travelersbackpack/snow_smithing_iron": {
    "criteria": {
      "has_iron_tier_upgrade": "2024-09-07 21:51:18 -0600"
    },
    "done": true
  },
  "slimier-slimes:recipes/slimier-slimes/light_gray_slime_ball": {
    "criteria": {
      "has_jelly": "2024-09-07 22:44:52 -0600"
    },
    "done": true
  },
  "forbidden_arcanus:recipes/forbidden_arcanus/wooden_blacksmith_gavel": {
    "criteria": {
      "has_item": "2024-09-07 21:20:09 -0600"
    },
    "done": true
  },
  "undergarden:recipes/undergarden_group/wigglewood_boat": {
    "criteria": {
      "in_water": "2024-08-28 19:56:14 -0600"
    },
    "done": true
  },
  "minecraft:recipes/tools/wooden_axe": {
    "criteria": {
      "has_the_recipe": "2024-09-07 21:21:19 -0600"
    },
    "done": true
  },
  "mcwfurnitures:recipes/acacia/acacia_covered_desk_left": {
    "criteria": {
      "has_planks": "2024-09-07 21:19:44 -0600"
    },
    "done": true
  },
  "farmersdelight:main/plant_all_crops": {
    "criteria": {
      "potato": "2024-09-07 23:17:42 -0600",
      "carrot": "2024-09-07 23:17:44 -0600"
    },
    "done": false
  },
  "sworddisplay:recipes/sworddisplay/sword_case": {
    "criteria": {
      "has_core": "2024-09-07 21:51:18 -0600"
    },
    "done": true
  },
  "minecraft:recipes/decorations/loom": {
    "criteria": {
      "has_string": "2024-09-07 22:29:33 -0600"
    },
    "done": true
  },
  "slimier-slimes:recipes/slimier-slimes/blue_slime_ball": {
    "criteria": {
      "has_jelly": "2024-09-07 22:44:52 -0600"
    },
    "done": true
  },
  "biomesoplenty:recipes/transportation/palm_boat": {
    "criteria": {
      "in_water": "2024-08-28 19:56:14 -0600"
    },
    "done": true
  },
  "mcwfurnitures:recipes/acacia/acacia_pult_2": {
    "criteria": {
      "has_planks": "2024-09-07 21:19:44 -0600"
    },
    "done": true
  },
  "mcwfurnitures:recipes/acacia/acacia_pult_3": {
    "criteria": {
      "has_planks": "2024-09-07 21:19:44 -0600"
    },
    "done": true
  },
  "mcwfurnitures:recipes/acacia/acacia_pult_4": {
    "criteria": {
      "has_planks": "2024-09-07 21:19:44 -0600"
    },
    "done": true
  },
  "minecraft:recipes/tools/diamond_axe": {
    "criteria": {
      "has_diamond": "2024-09-07 23:20:09 -0600"
    },
    "done": true
  },
  "mcwbridges:recipes/oak_log_bridge_middle": {
    "criteria": {
      "has_planks": "2024-09-07 22:28:53 -0600"
    },
    "done": true
  },
  "minecraft:recipes/decorations/stone_brick_wall_from_stone_bricks_stonecutting": {
    "criteria": {
      "has_stone_bricks": "2024-08-29 16:19:56 -0600"
    },
    "done": true
  },
  "mcwfurnitures:recipes/acacia/acacia_pult_1": {
    "criteria": {
      "has_planks": "2024-09-07 21:19:44 -0600"
    },
    "done": true
  },
  "mcwfurnitures:recipes/jungle/jungle_glass_desk_right": {
    "criteria": {
      "has_planks": "2024-09-07 21:25:55 -0600"
    },
    "done": true
  },
  "mining_helmet:recipes/mining_helmet": {
    "criteria": {
      "has_iron": "2024-09-07 21:51:18 -0600"
    },
    "done": true
  },
  "biomesoplenty:recipes/transportation/redwood_boat": {
    "criteria": {
      "in_water": "2024-08-28 19:56:14 -0600"
    },
    "done": true
  },
  "minecraft:recipes/building_blocks/chiseled_stone_bricks_from_stone_bricks_stonecutting": {
    "criteria": {
      "has_stone_bricks": "2024-08-29 16:19:56 -0600"
    },
    "done": true
  },
  "mcwbridges:recipes/iron_bridge_pier": {
    "criteria": {
      "has_planks": "2024-09-07 21:51:18 -0600"
    },
    "done": true
  },
  "trashcans:recipes/decorations/energy_trash_can": {
    "criteria": {
      "recipe_condition": "2024-09-07 23:19:49 -0600"
    },
    "done": true
  },
  "slimier-slimes:recipes/slimier-slimes/red_slime_ball": {
    "criteria": {
      "has_jelly": "2024-09-07 22:44:52 -0600"
    },
    "done": true
  },
  "minecraft:recipes/travelersbackpack/bookshelf_smithing_iron": {
    "criteria": {
      "has_iron_tier_upgrade": "2024-09-07 21:51:18 -0600"
    },
    "done": true
  },
  "mcwbridges:recipes/pliers": {
    "criteria": {
      "has_planks": "2024-09-07 21:51:18 -0600"
    },
    "done": true
  },
  "mca:recipes/misc/books": {
    "criteria": {
      "has_item": "2024-08-27 21:19:07 -0600"
    },
    "done": true
  },
  "slimier-slimes:recipes/slimier-slimes/magenta_slime_ball": {
    "criteria": {
      "has_jelly": "2024-09-07 22:44:52 -0600"
    },
    "done": true
  },
  "undergarden:undergarden/root": {
    "criteria": {
      "tick": "2024-08-27 21:19:07 -0600"
    },
    "done": true
  },
  "enigmaticlegacy:recipes/generic/cursed_stone": {
    "criteria": {
      "is_cursed_one": "2024-09-07 21:51:38 -0600"
    },
    "done": false
  },
  "minecraft:recipes/building_blocks/andesite_slab_from_andesite_stonecutting": {
    "criteria": {
      "has_andesite": "2024-09-05 19:17:08 -0600"
    },
    "done": true
  },
  "minecraft:recipes/redstone/acacia_fence_gate": {
    "criteria": {
      "has_planks": "2024-09-07 21:20:09 -0600"
    },
    "done": true
  },
  "minecraft:recipes/combat/arrow": {
    "criteria": {
      "has_feather": "2024-09-07 21:58:09 -0600"
    },
    "done": true
  },
  "minecraft:recipes/building_blocks/coal_block": {
    "criteria": {
      "has_coal": "2024-09-07 21:28:54 -0600"
    },
    "done": true
  },
  "undergarden:recipes/undergarden_group/slingshot": {
    "criteria": {
      "has_stick": "2024-09-07 21:21:26 -0600"
    },
    "done": true
  },
  "titles:spelunker": {
    "criteria": {
      "spelunk": "2024-08-27 21:20:33 -0600"
    },
    "done": true
  },
  "wyrmroost:recipes/wyrmroost/cooked_lowtier_meat_from_smoking": {
    "criteria": {
      "has_raw_lowtier_meat": "2024-09-01 22:24:04 -0600"
    },
    "done": true
  },
  "corail_woodcutter:recipes/from_dark_oak_planks": {
    "criteria": {
      "has_ingredient": "2024-09-07 21:53:46 -0600"
    },
    "done": true
  },
  "minecraft:recipes/misc/gold_ingot": {
    "criteria": {
      "has_gold_ore": "2024-09-07 23:32:40 -0600"
    },
    "done": true
  },
  "wyrmroost:recipes/wyrmroost/blue_geode_shovel": {
    "criteria": {
      "has_material": "2024-09-07 23:33:37 -0600"
    },
    "done": true
  },
  "minecraft:recipes/tools/stone_shovel": {
    "criteria": {
      "has_cobblestone": "2024-09-07 22:14:30 -0600"
    },
    "done": true
  },
  "minecraft:recipes/building_blocks/blue_concrete_powder": {
    "criteria": {
      "has_sand": "2024-09-07 21:33:14 -0600"
    },
    "done": true
  },
  "minecraft:recipes/travelersbackpack/cactus_smithing_iron": {
    "criteria": {
      "has_iron_tier_upgrade": "2024-09-07 21:51:18 -0600"
    },
    "done": true
  },
  "minecraft:recipes/building_blocks/diorite_stairs": {
    "criteria": {
      "has_diorite": "2024-09-07 22:21:42 -0600"
    },
    "done": true
  },
  "mcwfurnitures:recipes/acacia/acacia_chair": {
    "criteria": {
      "has_planks": "2024-09-07 21:19:44 -0600"
    },
    "done": true
  },
  "ironchest:recipes/ironchest/upgrades/diamond_to_obsidian_chest_upgrade": {
    "criteria": {
      "has_glass": "2024-09-05 19:19:15 -0600"
    },
    "done": true
  },
  "minecraft:recipes/building_blocks/granite_slab_from_granite_stonecutting": {
    "criteria": {
      "has_granite": "2024-09-07 23:56:38 -0600"
    },
    "done": true
  },
  "minecraft:recipes/travelersbackpack/bat_smithing_iron": {
    "criteria": {
      "has_iron_tier_upgrade": "2024-09-07 21:51:18 -0600"
    },
    "done": true
  },
  "blue_skies:recipes/blue_skies_blocks/food_prep_table": {
    "criteria": {
      "has_item": "2024-09-07 22:17:34 -0600"
    },
    "done": true
  },
  "mcwfurnitures:recipes/jungle/jungle_modern_chair": {
    "criteria": {
      "has_planks": "2024-09-07 21:25:55 -0600"
    },
    "done": true
  },
  "minecraft:recipes/building_blocks/andesite": {
    "criteria": {
      "has_stone": "2024-09-07 22:21:42 -0600"
    },
    "done": true
  },
  "slimier-slimes:recipes/misc/light_gray_dye": {
    "criteria": {
      "has_jelly": "2024-09-07 22:44:52 -0600"
    },
    "done": true
  },
  "enigmaticlegacy:recipes/generic/super_magnet_ring": {
    "criteria": {
      "has_parent_recipe": "2024-09-07 23:20:09 -0600"
    },
    "done": false
  },
  "minecraft:recipes/redstone/acacia_trapdoor": {
    "criteria": {
      "has_planks": "2024-09-07 21:20:09 -0600"
    },
    "done": true
  },
  "minecraft:recipes/travelersbackpack/squid_smithing_iron": {
    "criteria": {
      "has_iron_tier_upgrade": "2024-09-07 21:51:18 -0600"
    },
    "done": true
  },
  "minecraft:recipes/building_blocks/cut_sandstone_slab_from_sandstone_stonecutting": {
    "criteria": {
      "has_sandstone": "2024-09-07 22:38:47 -0600"
    },
    "done": true
  },
  "minecraft:recipes/redstone/oak_pressure_plate": {
    "criteria": {
      "has_planks": "2024-09-07 22:28:53 -0600"
    },
    "done": true
  },
  "enigmaticlegacy:book/relics/enigmatic_amulet": {
    "criteria": {
      "has_items": "2024-08-27 21:19:07 -0600"
    },
    "done": true
  },
  "slimier-slimes:recipes/misc/white_dye": {
    "criteria": {
      "has_jelly": "2024-09-07 22:44:52 -0600"
    },
    "done": true
  },
  "undergarden:recipes/decorations/undergarden_scaffolding": {
    "criteria": {
      "has_stick": "2024-09-07 21:21:26 -0600"
    },
    "done": true
  },
  "biomesoplenty:biomesoplenty/root": {
    "criteria": {
      "dryland": "2024-09-01 22:10:26 -0600"
    },
    "done": true
  },
  "minecraft:recipes/building_blocks/cut_sandstone": {
    "criteria": {
      "has_sandstone": "2024-09-07 22:38:47 -0600"
    },
    "done": true
  },
  "mcwbridges:recipes/rope_oak_bridge": {
    "criteria": {
      "has_planks": "2024-09-07 22:28:53 -0600"
    },
    "done": true
  },
  "adventurepack:mining_lantern": {
    "criteria": {
      "has_iron": "2024-09-07 21:51:18 -0600"
    },
    "done": true
  },
  "ironchest:recipes/ironchest/chests/gold_diamond_chest": {
    "criteria": {
      "has_diamonds": "2024-09-07 23:20:09 -0600"
    },
    "done": true
  },
  "minecraft:story/root": {
    "criteria": {
      "crafting_table": "2024-09-07 21:21:34 -0600"
    },
    "done": true
  },
  "minecraft:recipes/building_blocks/sandstone_slab_from_sandstone_stonecutting": {
    "criteria": {
      "has_sandstone": "2024-09-07 22:38:47 -0600"
    },
    "done": true
  },
  "minecraft:recipes/redstone/dropper": {
    "criteria": {
      "has_redstone": "2024-09-07 23:19:49 -0600"
    },
    "done": true
  },
  "mca:recipes/misc/whistle": {
    "criteria": {
      "has_item": "2024-08-27 21:19:07 -0600"
    },
    "done": true
  },
  "sophisticatedbackpacks:recipes/sophisticatedbackpacks/smoking_upgrade": {
    "criteria": {
      "has_upgrade_base": "2024-08-27 21:19:07 -0600"
    },
    "done": true
  },
  "minecraft:recipes/travelersbackpack/dragon_smithing_iron": {
    "criteria": {
      "has_iron_tier_upgrade": "2024-09-07 21:51:18 -0600"
    },
    "done": true
  },
  "enigmaticlegacy:recipes/generic/twisted_core": {
    "criteria": {
      "is_cursed_one": "2024-09-07 21:51:38 -0600"
    },
    "done": false
  },
  "mcwfurnitures:recipes/jungle/jungle_stool_chair": {
    "criteria": {
      "has_planks": "2024-09-07 21:25:55 -0600"
    },
    "done": true
  },
  "trashcans:recipes/decorations/item_trash_can": {
    "criteria": {
      "recipe_condition": "2024-09-07 21:52:30 -0600"
    },
    "done": true
  },
  "minecraft:story/form_obsidian": {
    "criteria": {
      "obsidian": "2024-08-29 17:31:29 -0600"
    },
    "done": true
  },
  "mcwfurnitures:recipes/acacia/acacia_box_2": {
    "criteria": {
      "has_planks": "2024-09-07 21:19:44 -0600"
    },
    "done": true
  },
  "mcwfurnitures:recipes/jungle/jungle_furniture_4": {
    "criteria": {
      "has_planks": "2024-09-07 21:25:55 -0600"
    },
    "done": true
  },
  "mcwfurnitures:recipes/jungle/jungle_furniture_3": {
    "criteria": {
      "has_planks": "2024-09-07 21:25:55 -0600"
    },
    "done": true
  },
  "mcwfurnitures:recipes/jungle/jungle_furniture_2": {
    "criteria": {
      "has_planks": "2024-09-07 21:25:55 -0600"
    },
    "done": true
  },
  "mcwfurnitures:recipes/jungle/jungle_furniture_1": {
    "criteria": {
      "has_planks": "2024-09-07 21:25:55 -0600"
    },
    "done": true
  },
  "ironchest:recipes/ironchest/upgrades/iron_to_gold_chest_upgrade": {
    "criteria": {
      "has_iron_ingot": "2024-09-07 21:51:18 -0600"
    },
    "done": true
  },
  "mca:recipes/misc/potions": {
    "criteria": {
      "has_item": "2024-08-27 21:19:07 -0600"
    },
    "done": true
  },
  "mcwfurnitures:recipes/jungle/jungle_furniture_7": {
    "criteria": {
      "has_planks": "2024-09-07 21:25:55 -0600"
    },
    "done": true
  },
  "minecraft:recipes/building_blocks/acacia_planks": {
    "criteria": {
      "has_log": "2024-09-07 21:19:44 -0600"
    },
    "done": true
  },
  "mcwfurnitures:recipes/jungle/jungle_furniture_6": {
    "criteria": {
      "has_planks": "2024-09-07 21:25:55 -0600"
    },
    "done": true
  },
  "minecraft:recipes/travelersbackpack/wolf_smithing_iron": {
    "criteria": {
      "has_iron_tier_upgrade": "2024-09-07 21:51:18 -0600"
    },
    "done": true
  },
  "mcwlights:recipes/lantern": {
    "criteria": {
      "lantern": "2024-09-07 22:31:55 -0600"
    },
    "done": true
  },
  "minecraft:recipes/tools/compass": {
    "criteria": {
      "has_redstone": "2024-09-07 23:19:49 -0600"
    },
    "done": true
  },
  "ironchest:recipes/ironchest/upgrades/diamond_to_crystal_chest_upgrade": {
    "criteria": {
      "has_glass": "2024-09-05 19:19:15 -0600"
    },
    "done": true
  },
  "minecraft:recipes/redstone/oak_button": {
    "criteria": {
      "has_planks": "2024-09-07 22:28:53 -0600"
    },
    "done": true
  },
  "mcwfurnitures:recipes/acacia/acacia_dresser_box": {
    "criteria": {
      "has_planks": "2024-09-07 21:19:44 -0600"
    },
    "done": true
  },
  "minecraft:recipes/misc/iron_ingot": {
    "criteria": {
      "has_iron_ore": "2024-09-07 22:16:00 -0600"
    },
    "done": true
  },
  "forbidden_arcanus:recipes/forbidden_arcanus/diamond_blacksmith_gavel": {
    "criteria": {
      "has_item": "2024-09-07 23:20:09 -0600"
    },
    "done": true
  },
  "wyrmroost:recipes/wyrmroost/blue_geode_hoe": {
    "criteria": {
      "has_material": "2024-09-07 23:33:37 -0600"
    },
    "done": true
  },
  "slimier-slimes:recipes/misc/pink_dye": {
    "criteria": {
      "has_jelly": "2024-09-07 22:44:52 -0600"
    },
    "done": true
  },
  "farmersdelight:recipes/farmersdelight/melon_juice": {
    "criteria": {
      "has_melon_slice": "2024-09-07 20:54:39 -0600"
    },
    "done": true
  },
  "farmersdelight:recipes/farmersdelight/flint_knife": {
    "criteria": {
      "has_stick": "2024-09-07 21:21:26 -0600"
    },
    "done": true
  },
  "minecraft:recipes/building_blocks/polished_andesite": {
    "criteria": {
      "has_stone": "2024-09-05 19:17:08 -0600"
    },
    "done": true
  },
  "minecraft:recipes/redstone/dark_oak_pressure_plate": {
    "criteria": {
      "has_planks": "2024-09-07 21:53:46 -0600"
    },
    "done": true
  },
  "minecraft:recipes/redstone/iron_door": {
    "criteria": {
      "has_iron_ingot": "2024-09-07 21:51:18 -0600"
    },
    "done": true
  },
  "minecraft:recipes/travelersbackpack/horse_smithing_iron": {
    "criteria": {
      "has_iron_tier_upgrade": "2024-09-07 21:51:18 -0600"
    },
    "done": true
  },
  "mcwbridges:recipes/oak_rail_bridge": {
    "criteria": {
      "has_planks": "2024-09-07 22:28:53 -0600"
    },
    "done": true
  },
  "wyrmroost:recipes/wyrmroost/blue_geode_boots": {
    "criteria": {
      "has_material": "2024-09-07 23:33:37 -0600"
    },
    "done": true
  },
  "minecraft:recipes/misc/iron_ingot_from_nuggets": {
    "criteria": {
      "has_iron_nugget": "2024-09-07 21:51:18 -0600"
    },
    "done": true
  },
  "betteranimalsplus:root": {
    "criteria": {
      "tick": "2024-08-27 21:19:07 -0600"
    },
    "done": true
  },
  "minecraft:recipes/redstone/oak_door": {
    "criteria": {
      "has_planks": "2024-09-07 22:28:53 -0600"
    },
    "done": true
  },
  "minecraft:recipes/travelersbackpack/quartz_smithing_iron": {
    "criteria": {
      "has_iron_tier_upgrade": "2024-09-07 21:51:18 -0600"
    },
    "done": true
  },
  "farmersdelight:recipes/farmersdelight/diamond_knife": {
    "criteria": {
      "has_diamond": "2024-09-07 23:20:09 -0600"
    },
    "done": true
  },
  "explorerscompass:explorers_compass": {
    "criteria": {
      "has_compass": "2024-09-07 22:24:56 -0600"
    },
    "done": true
  },
  "mca:recipes/misc/staff_of_life": {
    "criteria": {
      "has_item": "2024-08-27 21:19:07 -0600"
    },
    "done": true
  },
  "minecraft:recipes/transportation/jungle_boat": {
    "criteria": {
      "in_water": "2024-08-28 19:56:14 -0600"
    },
    "done": true
  },
  "mcwfurnitures:recipes/acacia/acacia_nightstand_10": {
    "criteria": {
      "has_planks": "2024-09-07 21:19:44 -0600"
    },
    "done": true
  },
  "mcwfurnitures:recipes/acacia/acacia_nightstand_11": {
    "criteria": {
      "has_planks": "2024-09-07 21:19:44 -0600"
    },
    "done": true
  },
  "minecraft:recipes/travelersbackpack/skeleton_smithing_iron": {
    "criteria": {
      "has_iron_tier_upgrade": "2024-09-07 21:51:18 -0600"
    },
    "done": true
  },
  "mcwbridges:recipes/stone_brick_bridge": {
    "criteria": {
      "has_planks": "2024-08-29 16:19:56 -0600"
    },
    "done": true
  },
  "minecraft:recipes/travelersbackpack/hay_smithing_iron": {
    "criteria": {
      "has_iron_tier_upgrade": "2024-09-07 21:51:18 -0600"
    },
    "done": true
  },
  "ironchest:recipes/ironchest/upgrades/wood_to_iron_chest_upgrade": {
    "criteria": {
      "has_iron_ingot": "2024-09-07 21:51:18 -0600"
    },
    "done": true
  },
  "minecraft:recipes/redstone/heavy_weighted_pressure_plate": {
    "criteria": {
      "has_iron_ingot": "2024-09-07 21:51:18 -0600"
    },
    "done": true
  },
  "minecraft:recipes/transportation/dark_oak_boat": {
    "criteria": {
      "in_water": "2024-08-28 19:56:14 -0600"
    },
    "done": true
  },
  "minecraft:recipes/transportation/carrot_on_a_stick": {
    "criteria": {
      "has_carrot": "2024-09-07 23:17:36 -0600"
    },
    "done": true
  },
  "enigmaticlegacy:recipes/generic/cursed_scroll": {
    "criteria": {
      "is_cursed_one": "2024-09-07 21:51:38 -0600"
    },
    "done": false
  },
  "minecraft:recipes/decorations/andesite_wall_from_andesite_stonecutting": {
    "criteria": {
      "has_andesite": "2024-09-05 19:17:08 -0600"
    },
    "done": true
  },
  "mcwfurnitures:recipes/jungle/jungle_desk_left": {
    "criteria": {
      "has_planks": "2024-09-07 21:25:55 -0600"
    },
    "done": true
  },
  "sophisticatedbackpacks:recipes/sophisticatedbackpacks/auto_smoking_upgrade_from_auto_smelting_upgrade": {
    "criteria": {
      "has_auto_smelting_upgrade": "2024-08-27 21:19:07 -0600"
    },
    "done": true
  },
  "xreliquary:recipes/xreliquary/mob_charm_belt": {
    "criteria": {
      "has_mob_charm_fragment": "2024-09-07 22:45:12 -0600"
    },
    "done": true
  },
  "minecraft:recipes/building_blocks/polished_granite": {
    "criteria": {
      "has_stone": "2024-09-07 23:56:38 -0600"
    },
    "done": true
  },
  "enigmaticlegacy:recipes/generic/hunter_guide": {
    "criteria": {
      "has_items": "2024-09-07 21:38:13 -0600"
    },
    "done": true
  },
  "minecraft:recipes/travelersbackpack/netherite_smithing_iron": {
    "criteria": {
      "has_iron_tier_upgrade": "2024-09-07 21:51:18 -0600"
    },
    "done": true
  },
  "mcwlights:recipes/lava_lamp": {
    "criteria": {
      "has_planks": "2024-08-27 21:19:07 -0600"
    },
    "done": true
  },
  "minecraft:recipes/redstone/piston": {
    "criteria": {
      "has_redstone": "2024-09-07 23:19:49 -0600"
    },
    "done": true
  },
  "mcwlights:recipes/garden_light": {
    "criteria": {
      "has_planks": "2024-08-27 21:19:07 -0600"
    },
    "done": true
  },
  "betteranimalsplus:bad_fox": {
    "criteria": {
      "no_bam": "2024-08-27 21:19:15 -0600"
    },
    "done": false
  },
  "toolleveling:recipes/tool_leveling_table": {
    "criteria": {
      "has_enchanting_table": "2024-08-29 17:31:29 -0600"
    },
    "done": true
  },
  "mcwbridges:recipes/acacia_bridge_pier": {
    "criteria": {
      "has_planks": "2024-09-07 21:19:44 -0600"
    },
    "done": true
  },
  "mcwfurnitures:recipes/jungle/jungle_box_2": {
    "criteria": {
      "has_planks": "2024-09-07 21:25:55 -0600"
    },
    "done": true
  },
  "minecraft:recipes/decorations/dark_oak_fence": {
    "criteria": {
      "has_planks": "2024-09-07 21:53:46 -0600"
    },
    "done": true
  },
  "mcwfurnitures:recipes/jungle/jungle_covered_desk_right": {
    "criteria": {
      "has_planks": "2024-09-07 21:25:55 -0600"
    },
    "done": true
  },
  "minecraft:recipes/combat/diamond_boots": {
    "criteria": {
      "has_diamond": "2024-09-07 23:20:09 -0600"
    },
    "done": true
  },
  "mca:recipes/misc/blueprint": {
    "criteria": {
      "has_item": "2024-08-27 21:19:07 -0600"
    },
    "done": true
  },
  "mcwfurnitures:recipes/acacia/acacia_desk_left": {
    "criteria": {
      "has_planks": "2024-09-07 21:19:44 -0600"
    },
    "done": true
  },
  "minecraft:recipes/travelersbackpack/emerald_smithing_iron": {
    "criteria": {
      "has_iron_tier_upgrade": "2024-09-07 21:51:18 -0600"
    },
    "done": true
  },
  "enigmaticlegacy:recipes/generic/enchanter_pearl": {
    "criteria": {
      "is_cursed_one": "2024-09-07 21:51:38 -0600"
    },
    "done": false
  },
  "enigmaticlegacy:main/root": {
    "criteria": {
      "flower": "2024-08-27 21:19:07 -0600"
    },
    "done": true
  },
  "minecraft:recipes/decorations/soul_campfire": {
    "criteria": {
      "has_stick": "2024-09-07 21:21:26 -0600"
    },
    "done": true
  },
  "minecraft:story/smelt_iron": {
    "criteria": {
      "iron": "2024-09-07 21:51:18 -0600"
    },
    "done": true
  },
  "minecraft:recipes/building_blocks/melon": {
    "criteria": {
      "has_melon": "2024-09-07 20:54:39 -0600"
    },
    "done": true
  },
  "mcwbridges:recipes/jungle_bridge_pier": {
    "criteria": {
      "has_planks": "2024-09-07 21:25:55 -0600"
    },
    "done": true
  },
  "mcwfurnitures:recipes/jungle/jungle_chair": {
    "criteria": {
      "has_planks": "2024-09-07 21:25:55 -0600"
    },
    "done": true
  },
  "repurposed_structures:root": {
    "criteria": {
      "always": "2024-08-27 21:19:07 -0600"
    },
    "done": true
  },
  "relics:obtain/scarab_talisman": {
    "criteria": {
      "obtain_relic": "2024-09-07 22:29:33 -0600"
    },
    "done": true
  },
  "DataVersion": 2586
}