{
  "minecraft:recipes/tools/fishing_rod": {
    "criteria": {
      "has_string": "2024-09-07 23:42:05 -0600"
    },
    "done": true
  },
  "minecraft:recipes/food/cooked_mutton_from_campfire_cooking": {
    "criteria": {
      "has_mutton": "2024-09-07 21:06:36 -0600"
    },
    "done": true
  },
  "minecraft:recipes/travelersbackpack/cake_smithing_iron": {
    "criteria": {
      "has_iron_tier_upgrade": "2024-09-07 23:42:24 -0600"
    },
    "done": true
  },
  "minecraft:recipes/decorations/smoker": {
    "criteria": {
      "has_furnace": "2024-09-07 21:54:04 -0600"
    },
    "done": true
  },
  "sworddisplay:recipes/sworddisplay/acacia_sword_case": {
    "criteria": {
      "has_core": "2024-09-07 21:08:20 -0600"
    },
    "done": true
  },
  "minecraft:recipes/redstone/lever": {
    "criteria": {
      "has_cobblestone": "2024-09-07 21:38:44 -0600"
    },
    "done": true
  },
  "slimier-slimes:recipes/slimier-slimes/orange_slime_ball": {
    "criteria": {
      "has_jelly": "2024-09-07 21:38:44 -0600"
    },
    "done": true
  },
  "farmersdelight:recipes/farmersdelight/organic_compost_from_rotten_flesh": {
    "criteria": {
      "has_rotten_flesh": "2024-09-07 23:54:22 -0600"
    },
    "done": true
  },
  "minecraft:recipes/redstone/acacia_button": {
    "criteria": {
      "has_planks": "2024-09-07 21:08:20 -0600"
    },
    "done": true
  },
  "enigmaticlegacy:recipes/generic/magnet_ring": {
    "criteria": {
      "has_parent_recipe": "2024-09-07 22:24:45 -0600",
      "has_items": "2024-09-07 21:48:54 -0600"
    },
    "done": true
  },
  "minecraft:recipes/combat/iron_sword": {
    "criteria": {
      "has_iron_ingot": "2024-09-07 22:24:45 -0600"
    },
    "done": true
  },
  "naturescompass:natures_compass": {
    "criteria": {
      "has_recipe": "2024-09-07 20:57:15 -0600"
    },
    "done": true
  },
  "toolbelt:recipes/pouch": {
    "criteria": {
      "has_leather": "2024-09-07 23:42:05 -0600"
    },
    "done": true
  },
  "mcwfurnitures:recipes/acacia/acacia_modern_desk_left": {
    "criteria": {
      "has_planks": "2024-09-07 20:57:15 -0600"
    },
    "done": true
  },
  "minecraft:recipes/tools/iron_pickaxe": {
    "criteria": {
      "has_iron_ingot": "2024-09-07 22:24:45 -0600"
    },
    "done": true
  },
  "minecraft:recipes/combat/leather_helmet": {
    "criteria": {
      "has_leather": "2024-09-07 23:42:05 -0600"
    },
    "done": true
  },
  "minecraft:recipes/decorations/crafting_table": {
    "criteria": {
      "has_planks": "2024-09-07 21:07:18 -0600"
    },
    "done": true
  },
  "undergarden:recipes/decorations/smogstem_torch_ditchbulb": {
    "criteria": {
      "has_stick": "2024-09-07 21:08:32 -0600"
    },
    "done": true
  },
  "enigmaticlegacy:recipes/generic/the_acknowledgment": {
    "criteria": {
      "has_iron_ingot": "2024-09-07 20:41:24 -0600"
    },
    "done": true
  },
  "minecraft:recipes/misc/melon_seeds": {
    "criteria": {
      "has_melon": "2024-09-07 21:00:49 -0600"
    },
    "done": true
  },
  "minecraft:recipes/decorations/ladder": {
    "criteria": {
      "has_stick": "2024-09-07 21:08:32 -0600"
    },
    "done": true
  },
  "farmersdelight:recipes/farmersdelight/pie_crust": {
    "criteria": {
      "has_wheat": "2024-09-07 22:13:31 -0600"
    },
    "done": true
  },
  "minecraft:recipes/decorations/chest": {
    "criteria": {
      "has_lots_of_items": "2024-09-07 20:59:56 -0600"
    },
    "done": true
  },
  "minecraft:recipes/tools/wooden_shovel": {
    "criteria": {
      "has_stick": "2024-09-07 21:08:32 -0600"
    },
    "done": true
  },
  "minecraft:recipes/decorations/torch": {
    "criteria": {
      "has_stone_pickaxe": "2024-09-07 21:52:09 -0600"
    },
    "done": true
  },
  "undergarden:recipes/undergarden_group/catalyst": {
    "criteria": {
      "has_diamond": "2024-09-07 21:48:54 -0600"
    },
    "done": true
  },
  "minecraft:recipes/tools/shears": {
    "criteria": {
      "has_iron_ingot": "2024-09-07 22:24:45 -0600"
    },
    "done": true
  },
  "mcwfurnitures:recipes/acacia/acacia_modern_desk_right": {
    "criteria": {
      "has_planks": "2024-09-07 20:57:15 -0600"
    },
    "done": true
  },
  "minecraft:recipes/misc/stick": {
    "criteria": {
      "has_planks": "2024-09-07 21:07:18 -0600"
    },
    "done": true
  },
  "forbidden_arcanus:recipes/forbidden_arcanus/lens_of_veritatis": {
    "criteria": {
      "has_item": "2024-09-07 23:00:10 -0600"
    },
    "done": true
  },
  "minecraft:recipes/travelersbackpack/villager_smithing_iron": {
    "criteria": {
      "has_iron_tier_upgrade": "2024-09-07 23:42:24 -0600"
    },
    "done": true
  },
  "lootr:1chest": {
    "criteria": {
      "opened_chest": "2024-09-07 23:32:10 -0600"
    },
    "done": true
  },
  "minecraft:recipes/misc/iron_ingot_from_blasting": {
    "criteria": {
      "has_iron_ore": "2024-09-07 21:55:29 -0600"
    },
    "done": true
  },
  "mcwfurnitures:recipes/acacia/acacia_striped_chair": {
    "criteria": {
      "has_planks": "2024-09-07 20:57:15 -0600"
    },
    "done": true
  },
  "mcwfurnitures:recipes/acacia/acacia_dresser": {
    "criteria": {
      "has_planks": "2024-09-07 20:57:15 -0600"
    },
    "done": true
  },
  "mcwfurnitures:recipes/acacia/acacia_covered_desk_right": {
    "criteria": {
      "has_planks": "2024-09-07 20:57:15 -0600"
    },
    "done": true
  },
  "charginggadgets:recipes/charginggadgets/charging_station": {
    "criteria": {
      "has_diamonds": "2024-09-07 21:48:54 -0600"
    },
    "done": true
  },
  "minecraft:recipes/building_blocks/emerald_block": {
    "criteria": {
      "has_emerald": "2024-09-07 22:33:50 -0600"
    },
    "done": true
  },
  "minecraft:recipes/travelersbackpack/melon_smithing_iron": {
    "criteria": {
      "has_iron_tier_upgrade": "2024-09-07 23:42:24 -0600"
    },
    "done": true
  },
  "minecraft:recipes/travelersbackpack/redstone_smithing_iron": {
    "criteria": {
      "has_iron_tier_upgrade": "2024-09-07 23:42:24 -0600"
    },
    "done": true
  },
  "mcwfurnitures:recipes/oak/oak_cupboard_6": {
    "criteria": {
      "has_planks": "2024-09-07 21:05:03 -0600"
    },
    "done": true
  },
  "minecraft:recipes/combat/iron_leggings": {
    "criteria": {
      "has_iron_ingot": "2024-09-07 22:24:45 -0600"
    },
    "done": true
  },
  "mcwfurnitures:recipes/oak/oak_cupboard_5": {
    "criteria": {
      "has_planks": "2024-09-07 21:05:03 -0600"
    },
    "done": true
  },
  "undergarden:recipes/undergarden_group/shard_torch": {
    "criteria": {
      "has_stick": "2024-09-07 21:08:32 -0600"
    },
    "done": true
  },
  "forbidden_arcanus:recipes/forbidden_arcanus/stone_blacksmith_gavel": {
    "criteria": {
      "has_item": "2024-09-07 21:38:44 -0600"
    },
    "done": true
  },
  "minecraft:recipes/travelersbackpack/enderman_smithing_iron": {
    "criteria": {
      "has_iron_tier_upgrade": "2024-09-07 23:42:24 -0600"
    },
    "done": true
  },
  "mcwfurnitures:recipes/oak/oak_cupboard_9": {
    "criteria": {
      "has_planks": "2024-09-07 21:05:03 -0600"
    },
    "done": true
  },
  "mcwfurnitures:recipes/oak/oak_cupboard_8": {
    "criteria": {
      "has_planks": "2024-09-07 21:05:03 -0600"
    },
    "done": true
  },
  "minecraft:recipes/combat/shield": {
    "criteria": {
      "has_iron_ingot": "2024-09-07 22:24:45 -0600"
    },
    "done": true
  },
  "mcwfurnitures:recipes/oak/oak_cupboard_7": {
    "criteria": {
      "has_planks": "2024-09-07 21:05:03 -0600"
    },
    "done": true
  },
  "minecraft:recipes/building_blocks/cobblestone_slab": {
    "criteria": {
      "has_cobblestone": "2024-09-07 21:38:44 -0600"
    },
    "done": true
  },
  "minecraft:recipes/redstone/hopper": {
    "criteria": {
      "has_iron_ingot": "2024-09-07 22:24:45 -0600"
    },
    "done": true
  },
  "mcwfurnitures:recipes/acacia/acacia_plate": {
    "criteria": {
      "has_planks": "2024-09-07 20:57:15 -0600"
    },
    "done": true
  },
  "mcwbridges:recipes/iron_bridge": {
    "criteria": {
      "has_planks": "2024-09-07 22:24:45 -0600"
    },
    "done": true
  },
  "naturescompass:natures_compass_sapling": {
    "criteria": {
      "has_recipe": "2024-09-07 20:57:15 -0600"
    },
    "done": true
  },
  "slimier-slimes:recipes/misc/cyan_dye": {
    "criteria": {
      "has_jelly": "2024-09-07 21:38:44 -0600"
    },
    "done": true
  },
  "slimier-slimes:recipes/misc/red_dye": {
    "criteria": {
      "has_jelly": "2024-09-07 21:38:44 -0600"
    },
    "done": true
  },
  "slimier-slimes:recipes/slimier-slimes/purple_slime_ball": {
    "criteria": {
      "has_jelly": "2024-09-07 21:38:44 -0600"
    },
    "done": true
  },
  "minecraft:recipes/travelersbackpack/end_smithing_iron": {
    "criteria": {
      "has_iron_tier_upgrade": "2024-09-07 23:42:24 -0600"
    },
    "done": true
  },
  "biomesoplenty:recipes/transportation/cherry_boat": {
    "criteria": {
      "in_water": "2024-09-07 21:00:06 -0600"
    },
    "done": true
  },
  "dungeons_enhanced:ambitious_explorer": {
    "criteria": {
      "entered_tower_of_the_undead": "2024-09-07 21:59:48 -0600",
      "entered_hay_storage": "2024-09-07 21:31:41 -0600"
    },
    "done": false
  },
  "biomesoplenty:recipes/transportation/fir_boat": {
    "criteria": {
      "in_water": "2024-09-07 21:00:06 -0600"
    },
    "done": true
  },
  "minecraft:recipes/combat/leather_leggings": {
    "criteria": {
      "has_leather": "2024-09-07 23:42:05 -0600"
    },
    "done": true
  },
  "minecraft:recipes/travelersbackpack/sandstone_smithing_iron": {
    "criteria": {
      "has_iron_tier_upgrade": "2024-09-07 23:42:24 -0600"
    },
    "done": true
  },
  "sophisticatedbackpacks:recipes/sophisticatedbackpacks/blasting_upgrade": {
    "criteria": {
      "has_upgrade_base": "2024-09-07 20:41:24 -0600"
    },
    "done": true
  },
  "sophisticatedbackpacks:recipes/sophisticatedbackpacks/auto_smoking_upgrade": {
    "criteria": {
      "has_smoking_upgrade": "2024-09-07 20:41:24 -0600"
    },
    "done": true
  },
  "minecraft:recipes/decorations/acacia_fence": {
    "criteria": {
      "has_planks": "2024-09-07 21:08:20 -0600"
    },
    "done": true
  },
  "minecraft:recipes/building_blocks/andesite_stairs_from_andesite_stonecutting": {
    "criteria": {
      "has_andesite": "2024-09-07 21:09:11 -0600"
    },
    "done": true
  },
  "minecraft:recipes/decorations/iron_bars": {
    "criteria": {
      "has_iron_ingot": "2024-09-07 22:24:45 -0600"
    },
    "done": true
  },
  "adventurepack:mining_helmet": {
    "criteria": {
      "has_iron": "2024-09-07 22:24:45 -0600"
    },
    "done": true
  },
  "biomesoplenty:biomesoplenty/all_biomes": {
    "criteria": {
      "dryland": "2024-09-07 21:00:45 -0600",
      "highland_moor": "2024-09-07 22:44:32 -0600",
      "rainforest_cliffs": "2024-09-07 22:17:07 -0600",
      "fungal_field": "2024-09-07 23:34:27 -0600",
      "rainforest": "2024-09-07 23:35:32 -0600"
    },
    "done": false
  },
  "mcwfurnitures:recipes/oak/oak_dresser_box": {
    "criteria": {
      "has_planks": "2024-09-07 21:05:03 -0600"
    },
    "done": true
  },
  "enigmaticlegacy:book/accessories/iron_ring": {
    "criteria": {
      "has_the_recipe": "2024-09-07 22:24:45 -0600"
    },
    "done": true
  },
  "minecraft:recipes/brewing/cauldron": {
    "criteria": {
      "has_water_bucket": "2024-09-07 22:33:50 -0600"
    },
    "done": true
  },
  "minecraft:recipes/combat/diamond_leggings": {
    "criteria": {
      "has_diamond": "2024-09-07 21:48:54 -0600"
    },
    "done": true
  },
  "minecraft:adventure/sleep_in_bed": {
    "criteria": {
      "slept_in_bed": "2024-09-07 20:58:08 -0600"
    },
    "done": true
  },
  "sophisticatedbackpacks:recipes/sophisticatedbackpacks/smoking_upgrade_from_smelting_upgrade": {
    "criteria": {
      "has_smelting_upgrade": "2024-09-07 20:41:24 -0600"
    },
    "done": true
  },
  "minecraft:recipes/building_blocks/cobblestone_slab_from_cobblestone_stonecutting": {
    "criteria": {
      "has_cobblestone": "2024-09-07 21:38:44 -0600"
    },
    "done": true
  },
  "mcwfurnitures:recipes/oak/oak_covered_desk_left": {
    "criteria": {
      "has_planks": "2024-09-07 21:05:03 -0600"
    },
    "done": true
  },
  "minecraft:recipes/building_blocks/oak_stairs": {
    "criteria": {
      "has_planks": "2024-09-07 21:07:18 -0600"
    },
    "done": true
  },
  "minecraft:recipes/building_blocks/polished_andesite_slab_from_andesite_stonecutting": {
    "criteria": {
      "has_andesite": "2024-09-07 21:09:11 -0600"
    },
    "done": true
  },
  "farmersdelight:recipes/farmersdelight/roasted_mutton_chops": {
    "criteria": {
      "has_mutton": "2024-09-07 21:54:32 -0600"
    },
    "done": true
  },
  "minecraft:recipes/transportation/acacia_boat": {
    "criteria": {
      "in_water": "2024-09-07 21:00:06 -0600"
    },
    "done": true
  },
  "mcwfurnitures:recipes/oak/oak_dresser_9": {
    "criteria": {
      "has_planks": "2024-09-07 21:05:03 -0600"
    },
    "done": true
  },
  "minecraft:recipes/redstone/iron_trapdoor": {
    "criteria": {
      "has_iron_ingot": "2024-09-07 22:24:45 -0600"
    },
    "done": true
  },
  "mcwfurnitures:recipes/oak/oak_dresser_7": {
    "criteria": {
      "has_planks": "2024-09-07 21:05:03 -0600"
    },
    "done": true
  },
  "mcwfurnitures:recipes/oak/oak_dresser_6": {
    "criteria": {
      "has_planks": "2024-09-07 21:05:03 -0600"
    },
    "done": true
  },
  "mcwfurnitures:recipes/oak/oak_dresser_5": {
    "criteria": {
      "has_planks": "2024-09-07 21:05:03 -0600"
    },
    "done": true
  },
  "farmersdelight:recipes/farmersdelight/cutting_board": {
    "criteria": {
      "has_stick": "2024-09-07 21:08:32 -0600"
    },
    "done": true
  },
  "mcwfurnitures:recipes/oak/oak_dresser_4": {
    "criteria": {
      "has_planks": "2024-09-07 21:05:03 -0600"
    },
    "done": true
  },
  "wyrmroost:recipes/wyrmroost/platinum_ingot_from_blasting": {
    "criteria": {
      "has_platinum_ore": "2024-09-07 22:33:50 -0600"
    },
    "done": true
  },
  "mcwfurnitures:recipes/oak/oak_dresser_3": {
    "criteria": {
      "has_planks": "2024-09-07 21:05:03 -0600"
    },
    "done": true
  },
  "slimier-slimes:recipes/misc/blue_dye": {
    "criteria": {
      "has_jelly": "2024-09-07 21:38:44 -0600"
    },
    "done": true
  },
  "sophisticatedbackpacks:recipes/sophisticatedbackpacks/auto_blasting_upgrade_from_auto_smelting_upgrade": {
    "criteria": {
      "has_auto_smelting_upgrade": "2024-09-07 20:41:24 -0600"
    },
    "done": true
  },
  "minecraft:adventure/root": {
    "criteria": {
      "killed_something": "2024-09-07 21:06:35 -0600"
    },
    "done": true
  },
  "lootr:social": {
    "criteria": {
      "opened_barrel": "2024-09-07 22:08:08 -0600",
      "opened_chest": "2024-09-07 23:32:10 -0600"
    },
    "done": false
  },
  "mcwfurnitures:recipes/oak/oak_striped_chair": {
    "criteria": {
      "has_planks": "2024-09-07 21:05:03 -0600"
    },
    "done": true
  },
  "minecraft:recipes/building_blocks/white_wool_from_string": {
    "criteria": {
      "has_string": "2024-09-07 23:42:05 -0600"
    },
    "done": true
  },
  "minecraft:recipes/tools/diamond_pickaxe": {
    "criteria": {
      "has_diamond": "2024-09-07 21:48:54 -0600"
    },
    "done": true
  },
  "minecraft:recipes/travelersbackpack/ocelot_smithing_iron": {
    "criteria": {
      "has_iron_tier_upgrade": "2024-09-07 23:42:24 -0600"
    },
    "done": true
  },
  "farmersdelight:recipes/farmersdelight/melon_popsicle": {
    "criteria": {
      "has_melon": "2024-09-07 21:00:49 -0600"
    },
    "done": true
  },
  "minecraft:adventure/kill_all_mobs": {
    "criteria": {
      "minecraft:skeleton": "2024-09-07 22:33:21 -0600",
      "minecraft:spider": "2024-09-07 23:43:10 -0600",
      "minecraft:zombie": "2024-09-07 21:55:54 -0600"
    },
    "done": false
  },
  "sworddisplay:recipes/sworddisplay/wooden_sword_case": {
    "criteria": {
      "has_core": "2024-09-07 21:07:18 -0600"
    },
    "done": true
  },
  "paraglider:recipes/paraglider/cosmetic/deku_leaf": {
    "criteria": {
      "has_paragliders": "2024-09-07 22:33:50 -0600"
    },
    "done": true
  },
  "farmersdelight:recipes/farmersdelight/cooking_pot": {
    "criteria": {
      "has_iron_ingot": "2024-09-07 22:24:45 -0600"
    },
    "done": true
  },
  "minecraft:recipes/brewing/glistering_melon_slice": {
    "criteria": {
      "has_melon": "2024-09-07 21:00:49 -0600"
    },
    "done": true
  },
  "minecraft:recipes/misc/iron_nugget_from_smelting": {
    "criteria": {
      "has_iron_pickaxe": "2024-09-07 22:33:24 -0600"
    },
    "done": true
  },
  "minecraft:recipes/travelersbackpack/chicken_smithing_iron": {
    "criteria": {
      "has_iron_tier_upgrade": "2024-09-07 23:42:24 -0600"
    },
    "done": true
  },
  "minecraft:recipes/food/cooked_mutton_from_smoking": {
    "criteria": {
      "has_mutton": "2024-09-07 21:06:36 -0600"
    },
    "done": true
  },
  "mca:recipes/misc/family_tree": {
    "criteria": {
      "has_item": "2024-09-07 20:41:24 -0600"
    },
    "done": true
  },
  "mca:root": {
    "criteria": {
      "village_taiga": "2024-09-07 20:41:24 -0600",
      "village_savanna": "2024-09-07 20:41:24 -0600",
      "village_snowy": "2024-09-07 20:41:24 -0600",
      "village_desert": "2024-09-07 20:41:24 -0600",
      "village_plains": "2024-09-07 20:41:24 -0600"
    },
    "done": true
  },
  "mcwfurnitures:recipes/oak/oak_plant_pot_left": {
    "criteria": {
      "has_planks": "2024-09-07 21:05:03 -0600"
    },
    "done": true
  },
  "minecraft:recipes/travelersbackpack/gold_smithing_iron": {
    "criteria": {
      "has_iron_tier_upgrade": "2024-09-07 23:42:24 -0600"
    },
    "done": true
  },
  "mcwfurnitures:recipes/oak/oak_modern_desk_left": {
    "criteria": {
      "has_planks": "2024-09-07 21:05:03 -0600"
    },
    "done": true
  },
  "mcwfurnitures:recipes/acacia/acacia_pult": {
    "criteria": {
      "has_planks": "2024-09-07 20:57:15 -0600"
    },
    "done": true
  },
  "minecraft:recipes/decorations/chain": {
    "criteria": {
      "has_iron_ingot": "2024-09-07 22:24:45 -0600"
    },
    "done": true
  },
  "sworddisplay:recipes/sworddisplay/acacia_sword_display": {
    "criteria": {
      "has_core": "2024-09-07 21:08:20 -0600"
    },
    "done": true
  },
  "minecraft:recipes/travelersbackpack/nether_smithing_iron": {
    "criteria": {
      "has_iron_tier_upgrade": "2024-09-07 23:42:24 -0600"
    },
    "done": true
  },
  "mcwfurnitures:recipes/acacia/acacia_dresser_12": {
    "criteria": {
      "has_planks": "2024-09-07 20:57:15 -0600"
    },
    "done": true
  },
  "minecraft:recipes/decorations/oak_fence": {
    "criteria": {
      "has_planks": "2024-09-07 21:07:18 -0600"
    },
    "done": true
  },
  "slimier-slimes:recipes/slimier-slimes/yellow_slime_ball": {
    "criteria": {
      "has_jelly": "2024-09-07 21:38:44 -0600"
    },
    "done": true
  },
  "mcwfurnitures:recipes/acacia/acacia_dresser_13": {
    "criteria": {
      "has_planks": "2024-09-07 20:57:15 -0600"
    },
    "done": true
  },
  "mcwfurnitures:recipes/acacia/acacia_dresser_14": {
    "criteria": {
      "has_planks": "2024-09-07 20:57:15 -0600"
    },
    "done": true
  },
  "slimier-slimes:recipes/misc/green_dye": {
    "criteria": {
      "has_jelly": "2024-09-07 21:38:44 -0600"
    },
    "done": true
  },
  "paraglider:root": {
    "criteria": {
      "crafting_table": "2024-09-07 21:07:24 -0600"
    },
    "done": true
  },
  "mcwfurnitures:recipes/oak/oak_plate": {
    "criteria": {
      "has_planks": "2024-09-07 21:05:03 -0600"
    },
    "done": true
  },
  "xreliquary:recipes/food/uncrafting/spider_eye": {
    "criteria": {
      "has_chelicerae": "2024-09-07 23:42:24 -0600"
    },
    "done": true
  },
  "mcwfurnitures:recipes/acacia/acacia_desk_right": {
    "criteria": {
      "has_planks": "2024-09-07 20:57:15 -0600"
    },
    "done": true
  },
  "mcwfurnitures:recipes/acacia/acacia_dresser_11": {
    "criteria": {
      "has_planks": "2024-09-07 20:57:15 -0600"
    },
    "done": true
  },
  "minecraft:recipes/food/baked_potato_from_campfire_cooking": {
    "criteria": {
      "has_potato": "2024-09-07 22:49:08 -0600"
    },
    "done": true
  },
  "minecraft:recipes/building_blocks/oak_slab": {
    "criteria": {
      "has_planks": "2024-09-07 21:07:18 -0600"
    },
    "done": true
  },
  "mca:recipes/building_blocks/headstones": {
    "criteria": {
      "has_ingredients": "2024-09-07 20:41:24 -0600"
    },
    "done": true
  },
  "slimier-slimes:recipes/misc/brown_dye": {
    "criteria": {
      "has_jelly": "2024-09-07 21:38:44 -0600"
    },
    "done": true
  },
  "wyrmroost:recipes/wyrmroost/platinum_ingot_from_smelting": {
    "criteria": {
      "has_platinum_ore": "2024-09-07 22:33:50 -0600"
    },
    "done": true
  },
  "mcwbridges:recipes/acacia_log_bridge_middle": {
    "criteria": {
      "has_planks": "2024-09-07 21:08:20 -0600"
    },
    "done": true
  },
  "slimier-slimes:recipes/misc/light_blue_dye": {
    "criteria": {
      "has_jelly": "2024-09-07 21:38:44 -0600"
    },
    "done": true
  },
  "minecraft:recipes/travelersbackpack/lapis_smithing_iron": {
    "criteria": {
      "has_iron_tier_upgrade": "2024-09-07 23:42:24 -0600"
    },
    "done": true
  },
  "mcwfurnitures:recipes/acacia/acacia_dresser_9": {
    "criteria": {
      "has_planks": "2024-09-07 20:57:15 -0600"
    },
    "done": true
  },
  "dungeons_enhanced:root": {
    "criteria": {
      "entered_hay_storage": "2024-09-07 21:31:41 -0600"
    },
    "done": true
  },
  "mcwfurnitures:recipes/acacia/acacia_dresser_7": {
    "criteria": {
      "has_planks": "2024-09-07 20:57:15 -0600"
    },
    "done": true
  },
  "biomesoplenty:recipes/transportation/umbran_boat": {
    "criteria": {
      "in_water": "2024-09-07 21:00:06 -0600"
    },
    "done": true
  },
  "sophisticatedbackpacks:recipes/sophisticatedbackpacks/iron_backpack": {
    "criteria": {
      "has_backpack": "2024-09-07 23:41:24 -0600"
    },
    "done": true
  },
  "mcwfurnitures:recipes/oak/oak_covered_desk_right": {
    "criteria": {
      "has_planks": "2024-09-07 21:05:03 -0600"
    },
    "done": true
  },
  "minecraft:recipes/redstone/acacia_pressure_plate": {
    "criteria": {
      "has_planks": "2024-09-07 21:08:20 -0600"
    },
    "done": true
  },
  "minecraft:recipes/building_blocks/diorite_stairs_from_diorite_stonecutting": {
    "criteria": {
      "has_diorite": "2024-09-07 23:03:53 -0600"
    },
    "done": true
  },
  "farmersdelight:recipes/farmersdelight/mutton_wrap": {
    "criteria": {
      "has_mutton": "2024-09-07 21:54:32 -0600"
    },
    "done": true
  },
  "minecraft:recipes/travelersbackpack/iron_smithing_iron": {
    "criteria": {
      "has_iron_tier_upgrade": "2024-09-07 23:42:24 -0600"
    },
    "done": true
  },
  "mcwfurnitures:recipes/oak/oak_furniture_7": {
    "criteria": {
      "has_planks": "2024-09-07 21:05:03 -0600"
    },
    "done": true
  },
  "slimier-slimes:recipes/misc/lime_dye": {
    "criteria": {
      "has_jelly": "2024-09-07 21:38:44 -0600"
    },
    "done": true
  },
  "enigmaticlegacy:recipes/generic/gem_ring": {
    "criteria": {
      "has_parent_recipe": "2024-09-07 22:24:45 -0600"
    },
    "done": false
  },
  "mcwfurnitures:recipes/oak/oak_furniture_6": {
    "criteria": {
      "has_planks": "2024-09-07 21:05:03 -0600"
    },
    "done": true
  },
  "mcwfurnitures:recipes/acacia/acacia_furniture_1": {
    "criteria": {
      "has_planks": "2024-09-07 20:57:15 -0600"
    },
    "done": true
  },
  "mcwfurnitures:recipes/acacia/acacia_furniture_2": {
    "criteria": {
      "has_planks": "2024-09-07 20:57:15 -0600"
    },
    "done": true
  },
  "mcwfurnitures:recipes/acacia/acacia_furniture_3": {
    "criteria": {
      "has_planks": "2024-09-07 20:57:15 -0600"
    },
    "done": true
  },
  "minecraft:recipes/building_blocks/iron_block": {
    "criteria": {
      "has_iron_ingot": "2024-09-07 22:24:45 -0600"
    },
    "done": true
  },
  "mca:recipes/misc/rose_gold_ingot_smelting": {
    "criteria": {
      "has_item": "2024-09-07 20:41:24 -0600"
    },
    "done": true
  },
  "mcwfurnitures:recipes/acacia/acacia_furniture_4": {
    "criteria": {
      "has_planks": "2024-09-07 20:57:15 -0600"
    },
    "done": true
  },
  "mcwfurnitures:recipes/acacia/acacia_furniture_6": {
    "criteria": {
      "has_planks": "2024-09-07 20:57:15 -0600"
    },
    "done": true
  },
  "mcwfurnitures:recipes/acacia/acacia_furniture_7": {
    "criteria": {
      "has_planks": "2024-09-07 20:57:15 -0600"
    },
    "done": true
  },
  "mcwbridges:recipes/oak_bridge_pier": {
    "criteria": {
      "has_planks": "2024-09-07 21:05:03 -0600"
    },
    "done": true
  },
  "minecraft:recipes/building_blocks/acacia_wood": {
    "criteria": {
      "has_log": "2024-09-07 20:57:15 -0600"
    },
    "done": true
  },
  "mcwfurnitures:recipes/acacia/acacia_plant_pot_right": {
    "criteria": {
      "has_planks": "2024-09-07 20:57:15 -0600"
    },
    "done": true
  },
  "mowziesmobs:root": {
    "criteria": {
      "custom_test_name": "2024-09-07 20:41:24 -0600"
    },
    "done": true
  },
  "wyrmroost:recipes/wyrmroost/diamond_dragon_armor": {
    "criteria": {
      "has_diamond": "2024-09-07 21:48:54 -0600"
    },
    "done": true
  },
  "minecraft:recipes/combat/wooden_sword": {
    "criteria": {
      "has_stick": "2024-09-07 21:08:32 -0600"
    },
    "done": true
  },
  "minecraft:recipes/building_blocks/oak_planks": {
    "criteria": {
      "has_logs": "2024-09-07 21:05:03 -0600"
    },
    "done": true
  },
  "slimier-slimes:recipes/misc/orange_dye": {
    "criteria": {
      "has_jelly": "2024-09-07 21:38:44 -0600"
    },
    "done": true
  },
  "slimier-slimes:recipes/slimier-slimes/gray_slime_ball": {
    "criteria": {
      "has_jelly": "2024-09-07 21:38:44 -0600"
    },
    "done": true
  },
  "minecraft:recipes/travelersbackpack/sponge_smithing_iron": {
    "criteria": {
      "has_iron_tier_upgrade": "2024-09-07 23:42:24 -0600"
    },
    "done": true
  },
  "xreliquary:recipes/xreliquary/mob_charm_fragments/cave_spider": {
    "criteria": {
      "has_chelicerae": "2024-09-07 23:42:24 -0600"
    },
    "done": true
  },
  "minecraft:recipes/tools/iron_axe": {
    "criteria": {
      "has_iron_ingot": "2024-09-07 22:24:45 -0600"
    },
    "done": true
  },
  "minecraft:recipes/travelersbackpack/wither_smithing_iron": {
    "criteria": {
      "has_iron_tier_upgrade": "2024-09-07 23:42:24 -0600"
    },
    "done": true
  },
  "sophisticatedbackpacks:recipes/sophisticatedbackpacks/blasting_upgrade_from_smelting_upgrade": {
    "criteria": {
      "has_smelting_upgrade": "2024-09-07 20:41:24 -0600"
    },
    "done": true
  },
  "mca:recipes/misc/comb": {
    "criteria": {
      "has_item": "2024-09-07 20:41:24 -0600"
    },
    "done": true
  },
  "mcwfurnitures:recipes/oak/oak_furniture_3": {
    "criteria": {
      "has_planks": "2024-09-07 21:05:03 -0600"
    },
    "done": true
  },
  "mcwfurnitures:recipes/oak/oak_furniture_4": {
    "criteria": {
      "has_planks": "2024-09-07 21:05:03 -0600"
    },
    "done": true
  },
  "minecraft:recipes/travelersbackpack/pumpkin_smithing_iron": {
    "criteria": {
      "has_iron_tier_upgrade": "2024-09-07 23:42:24 -0600"
    },
    "done": true
  },
  "mcwfurnitures:recipes/oak/oak_furniture_1": {
    "criteria": {
      "has_planks": "2024-09-07 21:05:03 -0600"
    },
    "done": true
  },
  "mcwfurnitures:recipes/oak/oak_furniture_2": {
    "criteria": {
      "has_planks": "2024-09-07 21:05:03 -0600"
    },
    "done": true
  },
  "minecraft:recipes/redstone/tripwire_hook": {
    "criteria": {
      "has_string": "2024-09-07 23:42:05 -0600"
    },
    "done": true
  },
  "minecraft:recipes/combat/iron_boots": {
    "criteria": {
      "has_iron_ingot": "2024-09-07 22:24:45 -0600"
    },
    "done": true
  },
  "minecraft:recipes/misc/bone_meal": {
    "criteria": {
      "has_bone": "2024-09-07 21:04:45 -0600"
    },
    "done": true
  },
  "minecraft:story/iron_tools": {
    "criteria": {
      "iron_pickaxe": "2024-09-07 22:33:24 -0600"
    },
    "done": true
  },
  "undergarden:recipes/undergarden_group/smogstem_boat": {
    "criteria": {
      "in_water": "2024-09-07 21:00:06 -0600"
    },
    "done": true
  },
  "mcwfurnitures:recipes/acacia/acacia_dresser_5": {
    "criteria": {
      "has_planks": "2024-09-07 20:57:15 -0600"
    },
    "done": true
  },
  "farmersdelight:recipes/farmersdelight/iron_knife": {
    "criteria": {
      "has_iron_ingot": "2024-09-07 22:24:45 -0600"
    },
    "done": true
  },
  "adventurepack:escape_rope": {
    "criteria": {
      "has_iron": "2024-09-07 22:24:45 -0600"
    },
    "done": true
  },
  "mcwfurnitures:recipes/acacia/acacia_dresser_6": {
    "criteria": {
      "has_planks": "2024-09-07 20:57:15 -0600"
    },
    "done": true
  },
  "titles:root": {
    "criteria": {
      "crafting_table": "2024-09-07 21:07:24 -0600"
    },
    "done": true
  },
  "mcwfurnitures:recipes/acacia/acacia_dresser_3": {
    "criteria": {
      "has_planks": "2024-09-07 20:57:15 -0600"
    },
    "done": true
  },
  "mcwfurnitures:recipes/acacia/acacia_dresser_4": {
    "criteria": {
      "has_planks": "2024-09-07 20:57:15 -0600"
    },
    "done": true
  },
  "paraglider:recipes/paraglider/paraglider": {
    "criteria": {
      "has_stick": "2024-09-07 21:08:32 -0600"
    },
    "done": true
  },
  "minecraft:recipes/combat/crossbow": {
    "criteria": {
      "has_stick": "2024-09-07 21:08:32 -0600"
    },
    "done": true
  },
  "sophisticatedbackpacks:recipes/sophisticatedbackpacks/upgrade_base": {
    "criteria": {
      "has_leather": "2024-09-07 23:42:05 -0600"
    },
    "done": true
  },
  "minecraft:recipes/combat/iron_chestplate": {
    "criteria": {
      "has_iron_ingot": "2024-09-07 22:24:45 -0600"
    },
    "done": true
  },
  "mcwfurnitures:recipes/acacia/acacia_double_desk_right": {
    "criteria": {
      "has_planks": "2024-09-07 20:57:15 -0600"
    },
    "done": true
  },
  "minecraft:recipes/decorations/oak_sign": {
    "criteria": {
      "has_oak_planks": "2024-09-07 21:07:18 -0600"
    },
    "done": true
  },
  "minecraft:recipes/redstone/oak_trapdoor": {
    "criteria": {
      "has_planks": "2024-09-07 21:07:18 -0600"
    },
    "done": true
  },
  "slimier-slimes:recipes/misc/gray_dye": {
    "criteria": {
      "has_jelly": "2024-09-07 21:38:44 -0600"
    },
    "done": true
  },
  "minecraft:recipes/building_blocks/polished_diorite_from_diorite_stonecutting": {
    "criteria": {
      "has_diorite": "2024-09-07 23:03:53 -0600"
    },
    "done": true
  },
  "slimier-slimes:recipes/slimier-slimes/pink_slime_ball": {
    "criteria": {
      "has_jelly": "2024-09-07 21:38:44 -0600"
    },
    "done": true
  },
  "comforts:rope_and_nail": {
    "criteria": {
      "has_iron": "2024-09-07 22:24:45 -0600"
    },
    "done": true
  },
  "minecraft:recipes/travelersbackpack/standard_smithing_iron": {
    "criteria": {
      "has_iron_tier_upgrade": "2024-09-07 23:42:24 -0600"
    },
    "done": true
  },
  "mcwfurnitures:recipes/drawer": {
    "criteria": {
      "has_planks": "2024-09-07 21:05:03 -0600"
    },
    "done": true
  },
  "minecraft:recipes/misc/iron_nugget_from_blasting": {
    "criteria": {
      "has_iron_pickaxe": "2024-09-07 22:33:24 -0600"
    },
    "done": true
  },
  "sophisticatedbackpacks:recipes/sophisticatedbackpacks/backpack": {
    "criteria": {
      "has_leather": "2024-09-07 23:42:05 -0600"
    },
    "done": true
  },
  "mcwfurnitures:recipes/acacia/acacia_glass_desk_right": {
    "criteria": {
      "has_planks": "2024-09-07 20:57:15 -0600"
    },
    "done": true
  },
  "mcwfurnitures:recipes/acacia/acacia_nightstand_3": {
    "criteria": {
      "has_planks": "2024-09-07 20:57:15 -0600"
    },
    "done": true
  },
  "lootr:root": {
    "criteria": {
      "always_true": "2024-09-07 20:41:24 -0600"
    },
    "done": true
  },
  "mcwfurnitures:recipes/acacia/acacia_nightstand_4": {
    "criteria": {
      "has_planks": "2024-09-07 20:57:15 -0600"
    },
    "done": true
  },
  "minecraft:adventure/kill_a_mob": {
    "criteria": {
      "minecraft:zombie": "2024-09-07 21:55:54 -0600"
    },
    "done": true
  },
  "mcwfurnitures:recipes/acacia/acacia_nightstand_2": {
    "criteria": {
      "has_planks": "2024-09-07 20:57:15 -0600"
    },
    "done": true
  },
  "sworddisplay:recipes/sworddisplay/wooden_sword_display": {
    "criteria": {
      "has_core": "2024-09-07 21:07:18 -0600"
    },
    "done": true
  },
  "mcwfurnitures:recipes/acacia/acacia_nightstand_8": {
    "criteria": {
      "has_planks": "2024-09-07 20:57:15 -0600"
    },
    "done": true
  },
  "mca:recipes/building_blocks/rose_gold_block": {
    "criteria": {
      "has_item": "2024-09-07 20:41:24 -0600"
    },
    "done": true
  },
  "mcwfurnitures:recipes/acacia/acacia_nightstand_5": {
    "criteria": {
      "has_planks": "2024-09-07 20:57:15 -0600"
    },
    "done": true
  },
  "mcwfurnitures:recipes/acacia/acacia_nightstand_6": {
    "criteria": {
      "has_planks": "2024-09-07 20:57:15 -0600"
    },
    "done": true
  },
  "einsteins_library:recipes/homemade_slime_ball": {
    "criteria": {
      "has_water_bucket": "2024-09-07 22:33:50 -0600"
    },
    "done": true
  },
  "minecraft:recipes/decorations/diorite_wall": {
    "criteria": {
      "has_diorite": "2024-09-07 23:03:53 -0600"
    },
    "done": true
  },
  "mcwfurnitures:recipes/acacia/acacia_nightstand_9": {
    "criteria": {
      "has_planks": "2024-09-07 20:57:15 -0600"
    },
    "done": true
  },
  "minecraft:recipes/building_blocks/stone": {
    "criteria": {
      "has_cobblestone": "2024-09-07 21:38:44 -0600"
    },
    "done": true
  },
  "biomesoplenty:recipes/transportation/hellbark_boat": {
    "criteria": {
      "in_water": "2024-09-07 21:00:06 -0600"
    },
    "done": true
  },
  "xreliquary:recipes/xreliquary/mob_charm_fragments/spider": {
    "criteria": {
      "has_chelicerae": "2024-09-07 23:42:24 -0600"
    },
    "done": true
  },
  "adventurepack:cowboy_hat": {
    "criteria": {
      "has_leather": "2024-09-07 23:42:05 -0600"
    },
    "done": true
  },
  "slimier-slimes:recipes/misc/purple_dye": {
    "criteria": {
      "has_jelly": "2024-09-07 21:38:44 -0600"
    },
    "done": true
  },
  "minecraft:adventure/adventuring_time": {
    "criteria": {
      "minecraft:jungle": "2024-09-07 23:34:09 -0600",
      "minecraft:warm_ocean": "2024-09-07 23:34:21 -0600",
      "minecraft:deep_lukewarm_ocean": "2024-09-07 20:41:24 -0600",
      "minecraft:lukewarm_ocean": "2024-09-07 23:34:37 -0600",
      "minecraft:savanna": "2024-09-07 20:55:23 -0600"
    },
    "done": false
  },
  "enigmaticlegacy:book/misc/infinimeal": {
    "criteria": {
      "has_the_recipe": "2024-09-07 23:42:24 -0600"
    },
    "done": true
  },
  "ironchest:recipes/ironchest/chests/vanilla_iron_chest": {
    "criteria": {
      "has_iron_ingot": "2024-09-07 22:24:45 -0600"
    },
    "done": true
  },
  "mcwfurnitures:recipes/oak/oak_glass_desk_left": {
    "criteria": {
      "has_planks": "2024-09-07 21:05:03 -0600"
    },
    "done": true
  },
  "mcwfurnitures:recipes/acacia/acacia_cupboard_9": {
    "criteria": {
      "has_planks": "2024-09-07 20:57:15 -0600"
    },
    "done": true
  },
  "mcwfurnitures:recipes/acacia/acacia_cupboard_8": {
    "criteria": {
      "has_planks": "2024-09-07 20:57:15 -0600"
    },
    "done": true
  },
  "undergarden:recipes/undergarden_group/grongle_boat": {
    "criteria": {
      "in_water": "2024-09-07 21:00:06 -0600"
    },
    "done": true
  },
  "mcwfurnitures:recipes/acacia/acacia_cupboard_7": {
    "criteria": {
      "has_planks": "2024-09-07 20:57:15 -0600"
    },
    "done": true
  },
  "mcwfurnitures:recipes/acacia/acacia_cupboard_6": {
    "criteria": {
      "has_planks": "2024-09-07 20:57:15 -0600"
    },
    "done": true
  },
  "mcwfurnitures:recipes/acacia/acacia_cupboard_5": {
    "criteria": {
      "has_planks": "2024-09-07 20:57:15 -0600"
    },
    "done": true
  },
  "minecraft:recipes/combat/stone_sword": {
    "criteria": {
      "has_cobblestone": "2024-09-07 21:38:44 -0600"
    },
    "done": true
  },
  "minecraft:recipes/decorations/barrel": {
    "criteria": {
      "has_planks": "2024-09-07 21:07:18 -0600"
    },
    "done": true
  },
  "minecraft:recipes/decorations/cobblestone_wall": {
    "criteria": {
      "has_cobblestone": "2024-09-07 21:38:44 -0600"
    },
    "done": true
  },
  "minecraft:recipes/tools/stone_pickaxe": {
    "criteria": {
      "has_cobblestone": "2024-09-07 21:38:44 -0600"
    },
    "done": true
  },
  "minecraft:recipes/travelersbackpack/spider_smithing_iron": {
    "criteria": {
      "has_iron_tier_upgrade": "2024-09-07 23:42:24 -0600"
    },
    "done": true
  },
  "minecraft:recipes/decorations/smithing_table": {
    "criteria": {
      "has_iron_ingot": "2024-09-07 22:24:45 -0600"
    },
    "done": true
  },
  "bountifulbaubles:recipes/bountifulbaubles/gloves_digging_iron": {
    "criteria": {
      "iron": "2024-09-07 22:24:45 -0600"
    },
    "done": true
  },
  "forbidden_arcanus:recipes/forbidden_arcanus/smelting/arcane_crystal_dust_from_smelting": {
    "criteria": {
      "has_item": "2024-09-07 23:00:10 -0600"
    },
    "done": true
  },
  "slimier-slimes:recipes/misc/magenta_dye": {
    "criteria": {
      "has_jelly": "2024-09-07 21:38:44 -0600"
    },
    "done": true
  },
  "minecraft:recipes/combat/leather_boots": {
    "criteria": {
      "has_leather": "2024-09-07 23:42:05 -0600"
    },
    "done": true
  },
  "slimier-slimes:recipes/misc/black_dye": {
    "criteria": {
      "has_jelly": "2024-09-07 21:38:44 -0600"
    },
    "done": true
  },
  "minecraft:recipes/decorations/cobblestone_wall_from_cobblestone_stonecutting": {
    "criteria": {
      "has_cobblestone": "2024-09-07 21:38:44 -0600"
    },
    "done": true
  },
  "mcwfurnitures:recipes/oak/oak_box_2": {
    "criteria": {
      "has_planks": "2024-09-07 21:05:03 -0600"
    },
    "done": true
  },
  "mcwlights:recipes/paper_lamp": {
    "criteria": {
      "paper": "2024-09-07 22:33:50 -0600"
    },
    "done": true
  },
  "minecraft:recipes/building_blocks/diamond_block": {
    "criteria": {
      "has_diamond": "2024-09-07 21:48:54 -0600"
    },
    "done": true
  },
  "mcwfurnitures:recipes/oak/oak_plant_pot_right": {
    "criteria": {
      "has_planks": "2024-09-07 21:05:03 -0600"
    },
    "done": true
  },
  "minecraft:recipes/decorations/acacia_sign": {
    "criteria": {
      "has_acacia_planks": "2024-09-07 21:08:20 -0600"
    },
    "done": true
  },
  "minecraft:recipes/travelersbackpack/ghast_smithing_iron": {
    "criteria": {
      "has_iron_tier_upgrade": "2024-09-07 23:42:24 -0600"
    },
    "done": true
  },
  "dungeons_arise:wda_root": {
    "criteria": {
      "WDA": "2024-09-07 20:41:24 -0600"
    },
    "done": true
  },
  "astikorcarts:recipes/wheel": {
    "criteria": {
      "has_planks": "2024-09-07 21:07:18 -0600"
    },
    "done": true
  },
  "forbidden_arcanus:recipes/forbidden_arcanus/blasting/arcane_crystal_dust_from_blasting": {
    "criteria": {
      "has_item": "2024-09-07 23:00:10 -0600"
    },
    "done": true
  },
  "sophisticatedbackpacks:recipes/sophisticatedbackpacks/auto_blasting_upgrade": {
    "criteria": {
      "has_blasting_upgrade": "2024-09-07 20:41:24 -0600"
    },
    "done": true
  },
  "minecraft:recipes/decorations/lantern": {
    "criteria": {
      "has_iron_ingot": "2024-09-07 22:24:45 -0600"
    },
    "done": true
  },
  "biomesoplenty:recipes/transportation/jacaranda_boat": {
    "criteria": {
      "in_water": "2024-09-07 21:00:06 -0600"
    },
    "done": true
  },
  "minecraft:recipes/travelersbackpack/blaze_smithing_iron": {
    "criteria": {
      "has_iron_tier_upgrade": "2024-09-07 23:42:24 -0600"
    },
    "done": true
  },
  "minecraft:recipes/misc/gold_nugget_from_smelting": {
    "criteria": {
      "has_golden_chestplate": "2024-09-07 23:42:46 -0600"
    },
    "done": true
  },
  "mcwfurnitures:recipes/acacia/acacia_plant_pot_left": {
    "criteria": {
      "has_planks": "2024-09-07 20:57:15 -0600"
    },
    "done": true
  },
  "minecraft:recipes/building_blocks/polished_diorite": {
    "criteria": {
      "has_stone": "2024-09-07 23:03:53 -0600"
    },
    "done": true
  },
  "minecraft:recipes/decorations/andesite_wall": {
    "criteria": {
      "has_andesite": "2024-09-07 21:09:11 -0600"
    },
    "done": true
  },
  "minecraft:recipes/building_blocks/andesite_slab": {
    "criteria": {
      "has_andesite": "2024-09-07 21:09:11 -0600"
    },
    "done": true
  },
  "mcwfurnitures:recipes/cabinet_door": {
    "criteria": {
      "has_planks": "2024-09-07 21:05:03 -0600"
    },
    "done": true
  },
  "minecraft:recipes/building_blocks/acacia_stairs": {
    "criteria": {
      "has_planks": "2024-09-07 21:08:20 -0600"
    },
    "done": true
  },
  "slimier-slimes:recipes/slimier-slimes/white_slime_ball": {
    "criteria": {
      "has_jelly": "2024-09-07 21:38:44 -0600"
    },
    "done": true
  },
  "minecraft:recipes/tools/stone_axe": {
    "criteria": {
      "has_cobblestone": "2024-09-07 21:38:44 -0600"
    },
    "done": true
  },
  "minecraft:recipes/food/cooked_mutton": {
    "criteria": {
      "has_mutton": "2024-09-07 21:06:36 -0600"
    },
    "done": true
  },
  "mcwfurnitures:recipes/oak/oak_chair": {
    "criteria": {
      "has_planks": "2024-09-07 21:05:03 -0600"
    },
    "done": true
  },
  "minecraft:recipes/travelersbackpack/iron_golem_smithing_iron": {
    "criteria": {
      "has_iron_tier_upgrade": "2024-09-07 23:42:24 -0600"
    },
    "done": true
  },
  "farlanders:root": {
    "criteria": {
      "attack": "2024-09-07 20:57:31 -0600"
    },
    "done": true
  },
  "corail_woodcutter:recipes/from_oak_planks": {
    "criteria": {
      "has_ingredient": "2024-09-07 21:07:18 -0600"
    },
    "done": true
  },
  "farmersdelight:recipes/farmersdelight/wheat_dough_from_eggs": {
    "criteria": {
      "has_wheat": "2024-09-07 22:13:31 -0600"
    },
    "done": true
  },
  "mininggadgets:recipes/mininggadgets/upgrade_empty": {
    "criteria": {
      "has_diamonds": "2024-09-07 21:48:54 -0600"
    },
    "done": true
  },
  "alexsmobs:alexsmobs/emu": {
    "criteria": {
      "killed_by": "2024-09-07 22:15:59 -0600"
    },
    "done": true
  },
  "minecraft:recipes/travelersbackpack/bee_smithing_iron": {
    "criteria": {
      "has_iron_tier_upgrade": "2024-09-07 23:42:24 -0600"
    },
    "done": true
  },
  "minecraft:recipes/building_blocks/cobblestone_stairs_from_cobblestone_stonecutting": {
    "criteria": {
      "has_cobblestone": "2024-09-07 21:38:44 -0600"
    },
    "done": true
  },
  "enigmaticlegacy:book/materials/earth_heart": {
    "criteria": {
      "has_items": "2024-09-07 23:42:24 -0600"
    },
    "done": true
  },
  "farmersdelight:recipes/farmersdelight/tomato_crate": {
    "criteria": {
      "has_tomato": "2024-09-07 20:59:56 -0600"
    },
    "done": true
  },
  "biomesoplenty:recipes/transportation/willow_boat": {
    "criteria": {
      "in_water": "2024-09-07 21:00:06 -0600"
    },
    "done": true
  },
  "minecraft:recipes/building_blocks/polished_andesite_stairs_from_andesite_stonecutting": {
    "criteria": {
      "has_andesite": "2024-09-07 21:09:11 -0600"
    },
    "done": true
  },
  "mca:recipes/misc/needle_and_thread": {
    "criteria": {
      "has_item": "2024-09-07 20:41:24 -0600"
    },
    "done": true
  },
  "minecraft:recipes/travelersbackpack/creeper_smithing_iron": {
    "criteria": {
      "has_iron_tier_upgrade": "2024-09-07 23:42:24 -0600"
    },
    "done": true
  },
  "minecraft:recipes/decorations/campfire": {
    "criteria": {
      "has_stick": "2024-09-07 21:08:32 -0600"
    },
    "done": true
  },
  "minecraft:recipes/food/bread": {
    "criteria": {
      "has_wheat": "2024-09-07 22:13:31 -0600"
    },
    "done": true
  },
  "minecraft:recipes/building_blocks/diorite_slab_from_diorite_stonecutting": {
    "criteria": {
      "has_diorite": "2024-09-07 23:03:53 -0600"
    },
    "done": true
  },
  "biomesoplenty:recipes/transportation/mahogany_boat": {
    "criteria": {
      "in_water": "2024-09-07 21:00:06 -0600"
    },
    "done": true
  },
  "corail_woodcutter:recipes/from_acacia_planks": {
    "criteria": {
      "has_ingredient": "2024-09-07 21:08:20 -0600"
    },
    "done": true
  },
  "enigmaticlegacy:recipes/generic/iron_ring": {
    "criteria": {
      "has_iron_ingot": "2024-09-07 22:24:45 -0600"
    },
    "done": true
  },
  "minecraft:recipes/misc/iron_nugget": {
    "criteria": {
      "has_iron_ingot": "2024-09-07 22:24:45 -0600"
    },
    "done": true
  },
  "minecraft:recipes/travelersbackpack/fox_smithing_iron": {
    "criteria": {
      "has_iron_tier_upgrade": "2024-09-07 23:42:24 -0600"
    },
    "done": true
  },
  "paraglider:recipes/paraglider/cosmetic/paraglider": {
    "criteria": {
      "has_paragliders": "2024-09-07 22:33:50 -0600"
    },
    "done": true
  },
  "ironchest:recipes/ironchest/chests/vanilla_dirt_chest": {
    "criteria": {
      "has_iron_ingot": "2024-09-07 21:09:22 -0600"
    },
    "done": true
  },
  "minecraft:recipes/travelersbackpack/magma_cube_smithing_iron": {
    "criteria": {
      "has_iron_tier_upgrade": "2024-09-07 23:42:24 -0600"
    },
    "done": true
  },
  "minecraft:recipes/combat/diamond_sword": {
    "criteria": {
      "has_diamond": "2024-09-07 21:48:54 -0600"
    },
    "done": true
  },
  "mca:recipes/misc/rose_gold_ingot": {
    "criteria": {
      "has_item": "2024-09-07 20:41:24 -0600"
    },
    "done": true
  },
  "biomesoplenty:recipes/transportation/dead_boat": {
    "criteria": {
      "in_water": "2024-09-07 21:00:06 -0600"
    },
    "done": true
  },
  "mcwfurnitures:recipes/acacia/acacia_modern_chair": {
    "criteria": {
      "has_planks": "2024-09-07 20:57:15 -0600"
    },
    "done": true
  },
  "minecraft:recipes/transportation/spruce_boat": {
    "criteria": {
      "in_water": "2024-09-07 21:00:06 -0600"
    },
    "done": true
  },
  "minecraft:recipes/decorations/jukebox": {
    "criteria": {
      "has_diamond": "2024-09-07 21:48:54 -0600"
    },
    "done": true
  },
  "mcwlights:recipes/tiki_torches": {
    "criteria": {
      "torch": "2024-09-07 22:33:50 -0600"
    },
    "done": true
  },
  "mcwbridges:recipes/acacia_rail_bridge": {
    "criteria": {
      "has_planks": "2024-09-07 21:08:20 -0600"
    },
    "done": true
  },
  "mcwfurnitures:recipes/acacia/acacia_nightstand": {
    "criteria": {
      "has_planks": "2024-09-07 20:57:15 -0600"
    },
    "done": true
  },
  "mcwbridges:recipes/rope_acacia_bridge": {
    "criteria": {
      "has_planks": "2024-09-07 21:08:20 -0600"
    },
    "done": true
  },
  "slimier-slimes:recipes/slimier-slimes/green_slime_ball": {
    "criteria": {
      "has_jelly": "2024-09-07 21:38:44 -0600"
    },
    "done": true
  },
  "enigmaticlegacy:book/accessories/magnet_ring": {
    "criteria": {
      "has_the_recipe": "2024-09-07 22:24:45 -0600"
    },
    "done": true
  },
  "sworddisplay:recipes/sworddisplay/sword_display": {
    "criteria": {
      "has_core": "2024-09-07 22:24:45 -0600"
    },
    "done": true
  },
  "minecraft:husbandry/balanced_diet": {
    "criteria": {
      "cooked_mutton": "2024-09-07 21:54:36 -0600",
      "apple": "2024-09-07 21:35:03 -0600",
      "bread": "2024-09-07 22:40:01 -0600",
      "melon_slice": "2024-09-07 21:06:03 -0600"
    },
    "done": false
  },
  "minecraft:recipes/tools/wooden_hoe": {
    "criteria": {
      "has_stick": "2024-09-07 21:08:32 -0600"
    },
    "done": true
  },
  "mcwfurnitures:recipes/oak/oak_pult": {
    "criteria": {
      "has_planks": "2024-09-07 21:05:03 -0600"
    },
    "done": true
  },
  "mca:recipes/misc/rose_gold_ingot_blasting": {
    "criteria": {
      "has_item": "2024-09-07 20:41:24 -0600"
    },
    "done": true
  },
  "minecraft:recipes/misc/bucket": {
    "criteria": {
      "has_iron_ingot": "2024-09-07 22:24:45 -0600"
    },
    "done": true
  },
  "slimier-slimes:recipes/slimier-slimes/black_slime_ball": {
    "criteria": {
      "has_jelly": "2024-09-07 21:38:44 -0600"
    },
    "done": true
  },
  "slimier-slimes:recipes/slimier-slimes/lime_slime_ball": {
    "criteria": {
      "has_jelly": "2024-09-07 21:38:44 -0600"
    },
    "done": true
  },
  "slimier-slimes:recipes/slimier-slimes/brown_slime_ball": {
    "criteria": {
      "has_jelly": "2024-09-07 21:38:44 -0600"
    },
    "done": true
  },
  "minecraft:recipes/building_blocks/cobblestone_stairs": {
    "criteria": {
      "has_cobblestone": "2024-09-07 21:38:44 -0600"
    },
    "done": true
  },
  "minecraft:recipes/building_blocks/diorite_slab": {
    "criteria": {
      "has_diorite": "2024-09-07 23:03:53 -0600"
    },
    "done": true
  },
  "biomesoplenty:recipes/transportation/magic_boat": {
    "criteria": {
      "in_water": "2024-09-07 21:00:06 -0600"
    },
    "done": true
  },
  "mcwfurnitures:recipes/oak/oak_pult_4": {
    "criteria": {
      "has_planks": "2024-09-07 21:05:03 -0600"
    },
    "done": true
  },
  "mcwfurnitures:recipes/oak/oak_pult_3": {
    "criteria": {
      "has_planks": "2024-09-07 21:05:03 -0600"
    },
    "done": true
  },
  "mcwfurnitures:recipes/oak/oak_pult_2": {
    "criteria": {
      "has_planks": "2024-09-07 21:05:03 -0600"
    },
    "done": true
  },
  "mcwfurnitures:recipes/oak/oak_pult_1": {
    "criteria": {
      "has_planks": "2024-09-07 21:05:03 -0600"
    },
    "done": true
  },
  "toolbelt:recipes/belt": {
    "criteria": {
      "has_leather": "2024-09-07 23:42:05 -0600"
    },
    "done": true
  },
  "mcwfurnitures:recipes/oak/oak_desk_right": {
    "criteria": {
      "has_planks": "2024-09-07 21:05:03 -0600"
    },
    "done": true
  },
  "minecraft:recipes/building_blocks/hay_block": {
    "criteria": {
      "has_wheat": "2024-09-07 22:13:31 -0600"
    },
    "done": true
  },
  "minecraft:recipes/misc/leather_horse_armor": {
    "criteria": {
      "has_leather": "2024-09-07 23:42:05 -0600"
    },
    "done": true
  },
  "minecraft:recipes/combat/iron_helmet": {
    "criteria": {
      "has_iron_ingot": "2024-09-07 22:24:45 -0600"
    },
    "done": true
  },
  "mcwfurnitures:recipes/oak/oak_stool_chair": {
    "criteria": {
      "has_planks": "2024-09-07 21:05:03 -0600"
    },
    "done": true
  },
  "minecraft:recipes/combat/bow": {
    "criteria": {
      "has_string": "2024-09-07 23:42:05 -0600"
    },
    "done": true
  },
  "minecraft:recipes/redstone/oak_fence_gate": {
    "criteria": {
      "has_planks": "2024-09-07 21:07:18 -0600"
    },
    "done": true
  },
  "enigmaticlegacy:recipes/generic/infinimeal": {
    "criteria": {
      "has_items": "2024-09-07 23:42:24 -0600"
    },
    "done": true
  },
  "minecraft:recipes/redstone/tnt": {
    "criteria": {
      "has_gunpowder": "2024-09-07 23:42:05 -0600"
    },
    "done": true
  },
  "minecraft:recipes/building_blocks/acacia_slab": {
    "criteria": {
      "has_planks": "2024-09-07 21:08:20 -0600"
    },
    "done": true
  },
  "mcwfurnitures:recipes/oak/oak_dresser_11": {
    "criteria": {
      "has_planks": "2024-09-07 21:05:03 -0600"
    },
    "done": true
  },
  "slimier-slimes:recipes/slimier-slimes/cyan_slime_ball": {
    "criteria": {
      "has_jelly": "2024-09-07 21:38:44 -0600"
    },
    "done": true
  },
  "enigmaticlegacy:book/relics/cursed_ring": {
    "criteria": {
      "has_items": "2024-09-07 20:41:24 -0600"
    },
    "done": true
  },
  "minecraft:recipes/decorations/diorite_wall_from_diorite_stonecutting": {
    "criteria": {
      "has_diorite": "2024-09-07 23:03:53 -0600"
    },
    "done": true
  },
  "mcwfurnitures:recipes/acacia/acacia_glass_desk_left": {
    "criteria": {
      "has_planks": "2024-09-07 20:57:15 -0600"
    },
    "done": true
  },
  "minecraft:recipes/combat/diamond_chestplate": {
    "criteria": {
      "has_diamond": "2024-09-07 21:48:54 -0600"
    },
    "done": true
  },
  "undergarden:recipes/undergarden_group/gloom_o_lantern": {
    "criteria": {
      "has_torch": "2024-09-07 22:33:50 -0600"
    },
    "done": true
  },
  "minecraft:story/mine_stone": {
    "criteria": {
      "get_stone": "2024-09-07 21:38:44 -0600"
    },
    "done": true
  },
  "mcwfurnitures:recipes/acacia/acacia_stool_chair": {
    "criteria": {
      "has_planks": "2024-09-07 20:57:15 -0600"
    },
    "done": true
  },
  "minecraft:recipes/decorations/furnace": {
    "criteria": {
      "has_cobblestone": "2024-09-07 21:38:44 -0600"
    },
    "done": true
  },
  "minecraft:recipes/transportation/minecart": {
    "criteria": {
      "has_iron_ingot": "2024-09-07 22:24:45 -0600"
    },
    "done": true
  },
  "slimier-slimes:recipes/misc/yellow_dye": {
    "criteria": {
      "has_jelly": "2024-09-07 21:38:44 -0600"
    },
    "done": true
  },
  "farmersdelight:recipes/farmersdelight/tomato_seeds": {
    "criteria": {
      "has_tomato": "2024-09-07 20:59:56 -0600"
    },
    "done": true
  },
  "bountifulbaubles:recipes/bountifulbaubles/gloves_digging_diamond": {
    "criteria": {
      "diamond": "2024-09-07 21:48:54 -0600"
    },
    "done": true
  },
  "adventurepack:flashlight": {
    "criteria": {
      "has_iron": "2024-09-07 22:24:45 -0600"
    },
    "done": true
  },
  "minecraft:recipes/misc/charcoal": {
    "criteria": {
      "has_log": "2024-09-07 20:57:15 -0600"
    },
    "done": true
  },
  "mcwfurnitures:recipes/oak/oak_nightstand_6": {
    "criteria": {
      "has_planks": "2024-09-07 21:05:03 -0600"
    },
    "done": true
  },
  "minecraft:recipes/building_blocks/andesite_stairs": {
    "criteria": {
      "has_andesite": "2024-09-07 21:09:11 -0600"
    },
    "done": true
  },
  "mcwfurnitures:recipes/oak/oak_nightstand_5": {
    "criteria": {
      "has_planks": "2024-09-07 21:05:03 -0600"
    },
    "done": true
  },
  "mcwfurnitures:recipes/oak/oak_nightstand_8": {
    "criteria": {
      "has_planks": "2024-09-07 21:05:03 -0600"
    },
    "done": true
  },
  "minecraft:recipes/tools/wooden_pickaxe": {
    "criteria": {
      "has_the_recipe": "2024-09-07 21:08:09 -0600"
    },
    "done": true
  },
  "minecraft:recipes/tools/iron_hoe": {
    "criteria": {
      "has_iron_ingot": "2024-09-07 22:24:45 -0600"
    },
    "done": true
  },
  "mcwfurnitures:recipes/oak/oak_nightstand_9": {
    "criteria": {
      "has_planks": "2024-09-07 21:05:03 -0600"
    },
    "done": true
  },
  "minecraft:husbandry/root": {
    "criteria": {
      "consumed_item": "2024-09-07 21:00:17 -0600"
    },
    "done": true
  },
  "minecraft:recipes/transportation/birch_boat": {
    "criteria": {
      "in_water": "2024-09-07 21:00:06 -0600"
    },
    "done": true
  },
  "paraglider:paraglider": {
    "criteria": {
      "paraglider": "2024-09-07 22:33:50 -0600"
    },
    "done": true
  },
  "farmersdelight:recipes/farmersdelight/dark_oak_pantry": {
    "criteria": {
      "has_dark_oak_trapdoor": "2024-09-07 23:44:02 -0600"
    },
    "done": true
  },
  "mcwfurnitures:recipes/oak/oak_nightstand_2": {
    "criteria": {
      "has_planks": "2024-09-07 21:05:03 -0600"
    },
    "done": true
  },
  "mcwfurnitures:recipes/oak/oak_nightstand_4": {
    "criteria": {
      "has_planks": "2024-09-07 21:05:03 -0600"
    },
    "done": true
  },
  "minecraft:recipes/building_blocks/polished_andesite_from_andesite_stonecutting": {
    "criteria": {
      "has_andesite": "2024-09-07 21:09:11 -0600"
    },
    "done": true
  },
  "mcwfurnitures:recipes/oak/oak_nightstand_3": {
    "criteria": {
      "has_planks": "2024-09-07 21:05:03 -0600"
    },
    "done": true
  },
  "minecraft:recipes/tools/iron_shovel": {
    "criteria": {
      "has_iron_ingot": "2024-09-07 22:24:45 -0600"
    },
    "done": true
  },
  "minecraft:recipes/redstone/acacia_door": {
    "criteria": {
      "has_planks": "2024-09-07 21:08:20 -0600"
    },
    "done": true
  },
  "mcwfurnitures:recipes/oak/oak_desk_left": {
    "criteria": {
      "has_planks": "2024-09-07 21:05:03 -0600"
    },
    "done": true
  },
  "mcwfurnitures:recipes/oak/oak_modern_desk_right": {
    "criteria": {
      "has_planks": "2024-09-07 21:05:03 -0600"
    },
    "done": true
  },
  "minecraft:recipes/travelersbackpack/coal_smithing_iron": {
    "criteria": {
      "has_iron_tier_upgrade": "2024-09-07 23:42:24 -0600"
    },
    "done": true
  },
  "minecraft:recipes/travelersbackpack/cow_smithing_iron": {
    "criteria": {
      "has_iron_tier_upgrade": "2024-09-07 23:42:24 -0600"
    },
    "done": true
  },
  "enigmaticlegacy:recipes/generic/ender_ring": {
    "criteria": {
      "has_parent_recipe": "2024-09-07 22:24:45 -0600"
    },
    "done": false
  },
  "farmersdelight:main/root": {
    "criteria": {
      "seeds": "2024-09-07 20:41:24 -0600"
    },
    "done": true
  },
  "minecraft:recipes/decorations/item_frame": {
    "criteria": {
      "has_leather": "2024-09-07 23:42:05 -0600"
    },
    "done": true
  },
  "minecraft:recipes/travelersbackpack/pig_smithing_iron": {
    "criteria": {
      "has_iron_tier_upgrade": "2024-09-07 23:42:24 -0600"
    },
    "done": true
  },
  "minecraft:recipes/tools/stone_hoe": {
    "criteria": {
      "has_cobblestone": "2024-09-07 21:38:44 -0600"
    },
    "done": true
  },
  "mcwfurnitures:recipes/acacia/acacia_double_desk_left": {
    "criteria": {
      "has_planks": "2024-09-07 20:57:15 -0600"
    },
    "done": true
  },
  "minecraft:recipes/tools/diamond_hoe": {
    "criteria": {
      "has_diamond": "2024-09-07 21:48:54 -0600"
    },
    "done": true
  },
  "minecraft:recipes/food/baked_potato_from_smoking": {
    "criteria": {
      "has_potato": "2024-09-07 22:49:08 -0600"
    },
    "done": true
  },
  "slimier-slimes:recipes/slimier-slimes/light_blue_slime_ball": {
    "criteria": {
      "has_jelly": "2024-09-07 21:38:44 -0600"
    },
    "done": true
  },
  "minecraft:recipes/tools/diamond_shovel": {
    "criteria": {
      "has_diamond": "2024-09-07 21:48:54 -0600"
    },
    "done": true
  },
  "minecraft:recipes/travelersbackpack/diamond_smithing_iron": {
    "criteria": {
      "has_iron_tier_upgrade": "2024-09-07 23:42:24 -0600"
    },
    "done": true
  },
  "mcwfurnitures:recipes/oak/oak_double_desk_left": {
    "criteria": {
      "has_planks": "2024-09-07 21:05:03 -0600"
    },
    "done": true
  },
  "farmersdelight:recipes/farmersdelight/wheat_dough_from_water": {
    "criteria": {
      "has_wheat": "2024-09-07 22:13:31 -0600"
    },
    "done": true
  },
  "minecraft:recipes/food/baked_potato": {
    "criteria": {
      "has_potato": "2024-09-07 22:49:08 -0600"
    },
    "done": true
  },
  "naturescompass:natures_compass_log": {
    "criteria": {
      "has_log": "2024-09-07 20:57:15 -0600"
    },
    "done": true
  },
  "forbidden_arcanus:recipes/forbidden_arcanus/iron_blacksmith_gavel": {
    "criteria": {
      "has_item": "2024-09-07 22:24:45 -0600"
    },
    "done": true
  },
  "minecraft:story/mine_diamond": {
    "criteria": {
      "diamond": "2024-09-07 21:48:54 -0600"
    },
    "done": true
  },
  "minecraft:story/upgrade_tools": {
    "criteria": {
      "stone_pickaxe": "2024-09-07 21:52:09 -0600"
    },
    "done": true
  },
  "minecraft:recipes/combat/diamond_helmet": {
    "criteria": {
      "has_diamond": "2024-09-07 21:48:54 -0600"
    },
    "done": true
  },
  "alexsmobs:alexsmobs/root": {
    "criteria": {
      "useitem": "2024-09-07 23:41:03 -0600"
    },
    "done": true
  },
  "minecraft:recipes/transportation/oak_boat": {
    "criteria": {
      "in_water": "2024-09-07 21:00:06 -0600"
    },
    "done": true
  },
  "minecraft:recipes/travelersbackpack/sheep_smithing_iron": {
    "criteria": {
      "has_iron_tier_upgrade": "2024-09-07 23:42:24 -0600"
    },
    "done": true
  },
  "lootr:1barrel": {
    "criteria": {
      "opened_barrel": "2024-09-07 22:08:08 -0600"
    },
    "done": true
  },
  "enigmaticlegacy:recipes/generic/the_twist": {
    "criteria": {
      "has_parent_recipe": "2024-09-07 20:41:24 -0600"
    },
    "done": false
  },
  "wyrmroost:recipes/wyrmroost/iron_dragon_armor": {
    "criteria": {
      "has_iron": "2024-09-07 22:24:45 -0600"
    },
    "done": true
  },
  "minecraft:recipes/travelersbackpack/snow_smithing_iron": {
    "criteria": {
      "has_iron_tier_upgrade": "2024-09-07 23:42:24 -0600"
    },
    "done": true
  },
  "slimier-slimes:recipes/slimier-slimes/light_gray_slime_ball": {
    "criteria": {
      "has_jelly": "2024-09-07 21:38:44 -0600"
    },
    "done": true
  },
  "forbidden_arcanus:recipes/forbidden_arcanus/wooden_blacksmith_gavel": {
    "criteria": {
      "has_item": "2024-09-07 21:07:18 -0600"
    },
    "done": true
  },
  "undergarden:recipes/undergarden_group/wigglewood_boat": {
    "criteria": {
      "in_water": "2024-09-07 21:00:06 -0600"
    },
    "done": true
  },
  "minecraft:recipes/tools/wooden_axe": {
    "criteria": {
      "has_the_recipe": "2024-09-07 21:08:17 -0600"
    },
    "done": true
  },
  "mcwfurnitures:recipes/acacia/acacia_covered_desk_left": {
    "criteria": {
      "has_planks": "2024-09-07 20:57:15 -0600"
    },
    "done": true
  },
  "sworddisplay:recipes/sworddisplay/sword_case": {
    "criteria": {
      "has_core": "2024-09-07 22:24:45 -0600"
    },
    "done": true
  },
  "slimier-slimes:recipes/slimier-slimes/blue_slime_ball": {
    "criteria": {
      "has_jelly": "2024-09-07 21:38:44 -0600"
    },
    "done": true
  },
  "minecraft:recipes/decorations/loom": {
    "criteria": {
      "has_string": "2024-09-07 23:42:05 -0600"
    },
    "done": true
  },
  "mcwfurnitures:recipes/acacia/acacia_pult_2": {
    "criteria": {
      "has_planks": "2024-09-07 20:57:15 -0600"
    },
    "done": true
  },
  "biomesoplenty:recipes/transportation/palm_boat": {
    "criteria": {
      "in_water": "2024-09-07 21:00:06 -0600"
    },
    "done": true
  },
  "mcwfurnitures:recipes/acacia/acacia_pult_3": {
    "criteria": {
      "has_planks": "2024-09-07 20:57:15 -0600"
    },
    "done": true
  },
  "mcwfurnitures:recipes/acacia/acacia_pult_4": {
    "criteria": {
      "has_planks": "2024-09-07 20:57:15 -0600"
    },
    "done": true
  },
  "minecraft:recipes/tools/diamond_axe": {
    "criteria": {
      "has_diamond": "2024-09-07 21:48:54 -0600"
    },
    "done": true
  },
  "mcwbridges:recipes/oak_log_bridge_middle": {
    "criteria": {
      "has_planks": "2024-09-07 21:07:18 -0600"
    },
    "done": true
  },
  "mcwfurnitures:recipes/acacia/acacia_pult_1": {
    "criteria": {
      "has_planks": "2024-09-07 20:57:15 -0600"
    },
    "done": true
  },
  "mcwfurnitures:recipes/oak/oak_dresser": {
    "criteria": {
      "has_planks": "2024-09-07 21:05:03 -0600"
    },
    "done": true
  },
  "mining_helmet:recipes/mining_helmet": {
    "criteria": {
      "has_iron": "2024-09-07 22:24:45 -0600"
    },
    "done": true
  },
  "biomesoplenty:recipes/transportation/redwood_boat": {
    "criteria": {
      "in_water": "2024-09-07 21:00:06 -0600"
    },
    "done": true
  },
  "mcwbridges:recipes/iron_bridge_pier": {
    "criteria": {
      "has_planks": "2024-09-07 22:24:45 -0600"
    },
    "done": true
  },
  "slimier-slimes:recipes/slimier-slimes/red_slime_ball": {
    "criteria": {
      "has_jelly": "2024-09-07 21:38:44 -0600"
    },
    "done": true
  },
  "minecraft:recipes/travelersbackpack/bookshelf_smithing_iron": {
    "criteria": {
      "has_iron_tier_upgrade": "2024-09-07 23:42:24 -0600"
    },
    "done": true
  },
  "mcwbridges:recipes/pliers": {
    "criteria": {
      "has_planks": "2024-09-07 22:24:45 -0600"
    },
    "done": true
  },
  "mca:recipes/misc/books": {
    "criteria": {
      "has_item": "2024-09-07 20:41:24 -0600"
    },
    "done": true
  },
  "slimier-slimes:recipes/slimier-slimes/magenta_slime_ball": {
    "criteria": {
      "has_jelly": "2024-09-07 21:38:44 -0600"
    },
    "done": true
  },
  "undergarden:undergarden/root": {
    "criteria": {
      "tick": "2024-09-07 20:41:24 -0600"
    },
    "done": true
  },
  "minecraft:recipes/redstone/acacia_fence_gate": {
    "criteria": {
      "has_planks": "2024-09-07 21:08:20 -0600"
    },
    "done": true
  },
  "minecraft:recipes/building_blocks/andesite_slab_from_andesite_stonecutting": {
    "criteria": {
      "has_andesite": "2024-09-07 21:09:11 -0600"
    },
    "done": true
  },
  "minecraft:recipes/building_blocks/coal_block": {
    "criteria": {
      "has_coal": "2024-09-07 21:52:57 -0600"
    },
    "done": true
  },
  "undergarden:recipes/undergarden_group/slingshot": {
    "criteria": {
      "has_stick": "2024-09-07 21:08:32 -0600"
    },
    "done": true
  },
  "titles:spelunker": {
    "criteria": {
      "spelunk": "2024-09-07 21:52:30 -0600"
    },
    "done": true
  },
  "minecraft:recipes/misc/gold_nugget_from_blasting": {
    "criteria": {
      "has_golden_chestplate": "2024-09-07 23:42:46 -0600"
    },
    "done": true
  },
  "minecraft:recipes/tools/stone_shovel": {
    "criteria": {
      "has_cobblestone": "2024-09-07 21:38:44 -0600"
    },
    "done": true
  },
  "farmersdelight:main/get_fd_seed": {
    "criteria": {
      "tomato_seeds": "2024-09-07 20:59:40 -0600"
    },
    "done": true
  },
  "minecraft:recipes/travelersbackpack/cactus_smithing_iron": {
    "criteria": {
      "has_iron_tier_upgrade": "2024-09-07 23:42:24 -0600"
    },
    "done": true
  },
  "minecraft:recipes/building_blocks/diorite_stairs": {
    "criteria": {
      "has_diorite": "2024-09-07 23:03:53 -0600"
    },
    "done": true
  },
  "mcwfurnitures:recipes/acacia/acacia_chair": {
    "criteria": {
      "has_planks": "2024-09-07 20:57:15 -0600"
    },
    "done": true
  },
  "mcwfurnitures:recipes/oak/oak_nightstand_10": {
    "criteria": {
      "has_planks": "2024-09-07 21:05:03 -0600"
    },
    "done": true
  },
  "mcwfurnitures:recipes/oak/oak_nightstand_11": {
    "criteria": {
      "has_planks": "2024-09-07 21:05:03 -0600"
    },
    "done": true
  },
  "minecraft:recipes/travelersbackpack/bat_smithing_iron": {
    "criteria": {
      "has_iron_tier_upgrade": "2024-09-07 23:42:24 -0600"
    },
    "done": true
  },
  "blue_skies:recipes/blue_skies_blocks/food_prep_table": {
    "criteria": {
      "has_item": "2024-09-07 21:54:04 -0600"
    },
    "done": true
  },
  "minecraft:recipes/building_blocks/andesite": {
    "criteria": {
      "has_stone": "2024-09-07 23:03:53 -0600"
    },
    "done": true
  },
  "slimier-slimes:recipes/misc/light_gray_dye": {
    "criteria": {
      "has_jelly": "2024-09-07 21:38:44 -0600"
    },
    "done": true
  },
  "enigmaticlegacy:recipes/generic/super_magnet_ring": {
    "criteria": {
      "has_parent_recipe": "2024-09-07 22:24:45 -0600"
    },
    "done": false
  },
  "minecraft:recipes/redstone/acacia_trapdoor": {
    "criteria": {
      "has_planks": "2024-09-07 21:08:20 -0600"
    },
    "done": true
  },
  "minecraft:recipes/travelersbackpack/squid_smithing_iron": {
    "criteria": {
      "has_iron_tier_upgrade": "2024-09-07 23:42:24 -0600"
    },
    "done": true
  },
  "farmersdelight:recipes/farmersdelight/shepherds_pie_block": {
    "criteria": {
      "has_cooked_mutton": "2024-09-07 21:54:32 -0600"
    },
    "done": true
  },
  "minecraft:recipes/redstone/oak_pressure_plate": {
    "criteria": {
      "has_planks": "2024-09-07 21:07:18 -0600"
    },
    "done": true
  },
  "enigmaticlegacy:book/relics/enigmatic_amulet": {
    "criteria": {
      "has_items": "2024-09-07 20:41:24 -0600"
    },
    "done": true
  },
  "slimier-slimes:recipes/misc/white_dye": {
    "criteria": {
      "has_jelly": "2024-09-07 21:38:44 -0600"
    },
    "done": true
  },
  "undergarden:recipes/decorations/undergarden_scaffolding": {
    "criteria": {
      "has_stick": "2024-09-07 21:08:32 -0600"
    },
    "done": true
  },
  "biomesoplenty:biomesoplenty/root": {
    "criteria": {
      "dryland": "2024-09-07 21:00:45 -0600"
    },
    "done": true
  },
  "mcwbridges:recipes/rope_oak_bridge": {
    "criteria": {
      "has_planks": "2024-09-07 21:07:18 -0600"
    },
    "done": true
  },
  "adventurepack:mining_lantern": {
    "criteria": {
      "has_iron": "2024-09-07 22:24:45 -0600"
    },
    "done": true
  },
  "ironchest:recipes/ironchest/chests/gold_diamond_chest": {
    "criteria": {
      "has_diamonds": "2024-09-07 21:48:54 -0600"
    },
    "done": true
  },
  "minecraft:recipes/building_blocks/oak_wood": {
    "criteria": {
      "has_log": "2024-09-07 21:05:03 -0600"
    },
    "done": true
  },
  "minecraft:story/root": {
    "criteria": {
      "crafting_table": "2024-09-07 21:07:24 -0600"
    },
    "done": true
  },
  "mca:recipes/misc/whistle": {
    "criteria": {
      "has_item": "2024-09-07 20:41:24 -0600"
    },
    "done": true
  },
  "mcwfurnitures:recipes/oak/oak_double_desk_right": {
    "criteria": {
      "has_planks": "2024-09-07 21:05:03 -0600"
    },
    "done": true
  },
  "sophisticatedbackpacks:recipes/sophisticatedbackpacks/smoking_upgrade": {
    "criteria": {
      "has_upgrade_base": "2024-09-07 20:41:24 -0600"
    },
    "done": true
  },
  "enigmaticlegacy:recipes/generic/twisted_core": {
    "criteria": {
      "has_items": "2024-09-07 23:42:24 -0600"
    },
    "done": false
  },
  "minecraft:recipes/travelersbackpack/dragon_smithing_iron": {
    "criteria": {
      "has_iron_tier_upgrade": "2024-09-07 23:42:24 -0600"
    },
    "done": true
  },
  "mcwfurnitures:recipes/oak/oak_dresser_12": {
    "criteria": {
      "has_planks": "2024-09-07 21:05:03 -0600"
    },
    "done": true
  },
  "mcwfurnitures:recipes/oak/oak_dresser_13": {
    "criteria": {
      "has_planks": "2024-09-07 21:05:03 -0600"
    },
    "done": true
  },
  "mcwfurnitures:recipes/oak/oak_dresser_14": {
    "criteria": {
      "has_planks": "2024-09-07 21:05:03 -0600"
    },
    "done": true
  },
  "mcwfurnitures:recipes/acacia/acacia_box_2": {
    "criteria": {
      "has_planks": "2024-09-07 20:57:15 -0600"
    },
    "done": true
  },
  "ironchest:recipes/ironchest/upgrades/iron_to_gold_chest_upgrade": {
    "criteria": {
      "has_iron_ingot": "2024-09-07 22:24:45 -0600"
    },
    "done": true
  },
  "mca:recipes/misc/potions": {
    "criteria": {
      "has_item": "2024-09-07 20:41:24 -0600"
    },
    "done": true
  },
  "minecraft:recipes/combat/leather_chestplate": {
    "criteria": {
      "has_leather": "2024-09-07 23:42:05 -0600"
    },
    "done": true
  },
  "minecraft:recipes/building_blocks/acacia_planks": {
    "criteria": {
      "has_log": "2024-09-07 20:57:15 -0600"
    },
    "done": true
  },
  "minecraft:recipes/travelersbackpack/wolf_smithing_iron": {
    "criteria": {
      "has_iron_tier_upgrade": "2024-09-07 23:42:24 -0600"
    },
    "done": true
  },
  "mcwlights:recipes/lantern": {
    "criteria": {
      "lantern": "2024-09-07 22:33:50 -0600"
    },
    "done": true
  },
  "minecraft:recipes/redstone/oak_button": {
    "criteria": {
      "has_planks": "2024-09-07 21:07:18 -0600"
    },
    "done": true
  },
  "mcwfurnitures:recipes/acacia/acacia_dresser_box": {
    "criteria": {
      "has_planks": "2024-09-07 20:57:15 -0600"
    },
    "done": true
  },
  "minecraft:recipes/misc/iron_ingot": {
    "criteria": {
      "has_iron_ore": "2024-09-07 21:55:29 -0600"
    },
    "done": true
  },
  "forbidden_arcanus:recipes/forbidden_arcanus/diamond_blacksmith_gavel": {
    "criteria": {
      "has_item": "2024-09-07 21:48:54 -0600"
    },
    "done": true
  },
  "slimier-slimes:recipes/misc/pink_dye": {
    "criteria": {
      "has_jelly": "2024-09-07 21:38:44 -0600"
    },
    "done": true
  },
  "farmersdelight:recipes/farmersdelight/melon_juice": {
    "criteria": {
      "has_melon_slice": "2024-09-07 21:00:49 -0600"
    },
    "done": true
  },
  "farmersdelight:recipes/farmersdelight/flint_knife": {
    "criteria": {
      "has_stick": "2024-09-07 21:08:32 -0600"
    },
    "done": true
  },
  "minecraft:recipes/building_blocks/polished_andesite": {
    "criteria": {
      "has_stone": "2024-09-07 21:09:11 -0600"
    },
    "done": true
  },
  "minecraft:recipes/redstone/iron_door": {
    "criteria": {
      "has_iron_ingot": "2024-09-07 22:24:45 -0600"
    },
    "done": true
  },
  "minecraft:recipes/travelersbackpack/horse_smithing_iron": {
    "criteria": {
      "has_iron_tier_upgrade": "2024-09-07 23:42:24 -0600"
    },
    "done": true
  },
  "mcwbridges:recipes/oak_rail_bridge": {
    "criteria": {
      "has_planks": "2024-09-07 21:07:18 -0600"
    },
    "done": true
  },
  "dungeons_plus:adventure/find_tower": {
    "criteria": {
      "structure": "2024-09-07 23:36:36 -0600"
    },
    "done": true
  },
  "betteranimalsplus:root": {
    "criteria": {
      "tick": "2024-09-07 20:41:24 -0600"
    },
    "done": true
  },
  "minecraft:recipes/redstone/oak_door": {
    "criteria": {
      "has_planks": "2024-09-07 21:07:18 -0600"
    },
    "done": true
  },
  "minecraft:recipes/travelersbackpack/quartz_smithing_iron": {
    "criteria": {
      "has_iron_tier_upgrade": "2024-09-07 23:42:24 -0600"
    },
    "done": true
  },
  "farmersdelight:recipes/farmersdelight/diamond_knife": {
    "criteria": {
      "has_diamond": "2024-09-07 21:48:54 -0600"
    },
    "done": true
  },
  "mca:recipes/misc/staff_of_life": {
    "criteria": {
      "has_item": "2024-09-07 20:41:24 -0600"
    },
    "done": true
  },
  "minecraft:recipes/transportation/jungle_boat": {
    "criteria": {
      "in_water": "2024-09-07 21:00:06 -0600"
    },
    "done": true
  },
  "mcwfurnitures:recipes/acacia/acacia_nightstand_10": {
    "criteria": {
      "has_planks": "2024-09-07 20:57:15 -0600"
    },
    "done": true
  },
  "mcwfurnitures:recipes/acacia/acacia_nightstand_11": {
    "criteria": {
      "has_planks": "2024-09-07 20:57:15 -0600"
    },
    "done": true
  },
  "minecraft:recipes/travelersbackpack/skeleton_smithing_iron": {
    "criteria": {
      "has_iron_tier_upgrade": "2024-09-07 23:42:24 -0600"
    },
    "done": true
  },
  "minecraft:recipes/travelersbackpack/hay_smithing_iron": {
    "criteria": {
      "has_iron_tier_upgrade": "2024-09-07 23:42:24 -0600"
    },
    "done": true
  },
  "ironchest:recipes/ironchest/upgrades/wood_to_iron_chest_upgrade": {
    "criteria": {
      "has_iron_ingot": "2024-09-07 22:24:45 -0600"
    },
    "done": true
  },
  "minecraft:recipes/redstone/heavy_weighted_pressure_plate": {
    "criteria": {
      "has_iron_ingot": "2024-09-07 22:24:45 -0600"
    },
    "done": true
  },
  "minecraft:recipes/transportation/dark_oak_boat": {
    "criteria": {
      "in_water": "2024-09-07 21:00:06 -0600"
    },
    "done": true
  },
  "minecraft:recipes/decorations/andesite_wall_from_andesite_stonecutting": {
    "criteria": {
      "has_andesite": "2024-09-07 21:09:11 -0600"
    },
    "done": true
  },
  "sophisticatedbackpacks:recipes/sophisticatedbackpacks/auto_smoking_upgrade_from_auto_smelting_upgrade": {
    "criteria": {
      "has_auto_smelting_upgrade": "2024-09-07 20:41:24 -0600"
    },
    "done": true
  },
  "xreliquary:recipes/misc/uncrafting/string": {
    "criteria": {
      "has_chelicerae": "2024-09-07 23:42:23 -0600"
    },
    "done": true
  },
  "adventurepack:explorer_hat": {
    "criteria": {
      "has_leather": "2024-09-07 23:42:05 -0600"
    },
    "done": true
  },
  "minecraft:recipes/travelersbackpack/netherite_smithing_iron": {
    "criteria": {
      "has_iron_tier_upgrade": "2024-09-07 23:42:24 -0600"
    },
    "done": true
  },
  "mcwlights:recipes/lava_lamp": {
    "criteria": {
      "has_planks": "2024-09-07 20:41:24 -0600"
    },
    "done": true
  },
  "farmersdelight:recipes/farmersdelight/cabbage_crate": {
    "criteria": {
      "has_cabbage": "2024-09-07 21:00:21 -0600"
    },
    "done": true
  },
  "mcwlights:recipes/garden_light": {
    "criteria": {
      "has_planks": "2024-09-07 20:41:24 -0600"
    },
    "done": true
  },
  "betteranimalsplus:bad_fox": {
    "criteria": {
      "no_bam": "2024-09-07 20:55:01 -0600"
    },
    "done": false
  },
  "mcwbridges:recipes/acacia_bridge_pier": {
    "criteria": {
      "has_planks": "2024-09-07 20:57:15 -0600"
    },
    "done": true
  },
  "mcwfurnitures:recipes/oak/oak_nightstand": {
    "criteria": {
      "has_planks": "2024-09-07 21:05:03 -0600"
    },
    "done": true
  },
  "minecraft:recipes/combat/diamond_boots": {
    "criteria": {
      "has_diamond": "2024-09-07 21:48:54 -0600"
    },
    "done": true
  },
  "mca:recipes/misc/blueprint": {
    "criteria": {
      "has_item": "2024-09-07 20:41:24 -0600"
    },
    "done": true
  },
  "mcwfurnitures:recipes/acacia/acacia_desk_left": {
    "criteria": {
      "has_planks": "2024-09-07 20:57:15 -0600"
    },
    "done": true
  },
  "minecraft:recipes/travelersbackpack/emerald_smithing_iron": {
    "criteria": {
      "has_iron_tier_upgrade": "2024-09-07 23:42:24 -0600"
    },
    "done": true
  },
  "mcwfurnitures:recipes/oak/oak_glass_desk_right": {
    "criteria": {
      "has_planks": "2024-09-07 21:05:03 -0600"
    },
    "done": true
  },
  "enigmaticlegacy:main/root": {
    "criteria": {
      "flower": "2024-09-07 20:41:24 -0600"
    },
    "done": true
  },
  "minecraft:recipes/decorations/soul_campfire": {
    "criteria": {
      "has_stick": "2024-09-07 21:08:32 -0600"
    },
    "done": true
  },
  "minecraft:story/smelt_iron": {
    "criteria": {
      "iron": "2024-09-07 22:24:45 -0600"
    },
    "done": true
  },
  "minecraft:recipes/building_blocks/melon": {
    "criteria": {
      "has_melon": "2024-09-07 21:00:49 -0600"
    },
    "done": true
  },
  "mcwfurnitures:recipes/oak/oak_modern_chair": {
    "criteria": {
      "has_planks": "2024-09-07 21:05:03 -0600"
    },
    "done": true
  },
  "repurposed_structures:root": {
    "criteria": {
      "always": "2024-09-07 20:41:24 -0600"
    },
    "done": true
  },
  "DataVersion": 2586
}